name,age,city
Hanae,55,Rabat
Tarik,76,Tetouan
Bob,27,Rabat
Ayoub,15,Meknes
Mehdi,60,Rabat
Mehdi,18,Tangier
Noura,69,Rabat
Zakaria,44,Marrakech
Idriss,27,Casablanca
Carol,53,Tetouan
Douae,19,Nador
Mohamed,16,Marrakech
Alice,65,Beni Mellal
Maryam,49,Oujda
Mohamed,76,Casablanca
Mohamed,28,Tetouan
Youssef,51,Rabat
Douae,21,Meknes
Salma,19,Rabat
Bob,23,Safi
Sofia,79,Tetouan
Aya,79,Beni Mellal
Idriss,51,Tetouan
Carol,27,Meknes
Noura,25,Meknes
Cedric,19,Tangier
Sara,66,Beni Mellal
Rayane,80,Casablanca
Yassine,80,Beni Mellal
Reda,41,Beni Mellal
Sabrina,78,Tetouan
Mehdi,66,Kenitra
Reda,25,Beni Mellal
Sara,28,Tetouan
Cedric,15,Fes
Ayoub,36,Beni Mellal
Cedric,32,Casablanca
Mohamed,77,Fes
Meryem,30,Beni Mellal
Amine,16,Beni Mellal
Cedric,69,Rabat
Zakaria,22,Oujda
Mohamed,41,Fes
Issam,38,Nador
Amine,80,Kenitra
Adam,43,Beni Mellal
Yasmina,53,Sale
Bob,56,Rabat
Yahya,33,Casablanca
Karim,44,Kenitra
Tarik,18,Rabat
Cedric,23,Fes
Aya,30,Nador
Fatima,29,Nador
Tarik,28,Nador
Sara,20,Beni Mellal
Meryem,42,El Jadida
Bob,74,Agadir
Karim,76,Oujda
Alice,66,El Jadida
Nadia,38,Beni Mellal
Widad,29,Meknes
Issam,54,El Jadida
Nadia,71,Rabat
Youssef,50,Fes
Meryem,46,Agadir
Hamza,70,Oujda
Carol,51,Casablanca
Zakaria,49,Rabat
Bilal,57,Oujda
Khadija,46,Agadir
Youssef,76,Nador
Cedric,62,Beni Mellal
Noura,36,Tangier
Sara,50,Kenitra
Sofia,77,Fes
Sara,52,Agadir
Hanae,66,Beni Mellal
Sofia,25,El Jadida
Yahya,21,Sale
Khadija,20,Beni Mellal
Yasmina,17,Fes
Zakaria,80,Tetouan
Aya,66,Safi
Idriss,58,Tangier
Zakaria,78,Casablanca
Yassine,22,Kenitra
Hanae,54,Marrakech
Meryem,40,Sale
Mounir,44,Safi
Youssef,16,Tetouan
Imane,42,Oujda
Salwa,43,Tangier
Mehdi,73,Beni Mellal
Meryem,54,Safi
Yasmina,38,Marrakech
Idriss,74,Oujda
Abdel,46,Beni Mellal
Omar,39,Tangier
Loubna,74,Tetouan
Bilal,29,Kenitra
Jawad,42,Safi
Rachid,24,Oujda
Anas,28,Tangier
Mounir,33,Oujda
Sofia,17,Beni Mellal
Karim,20,Casablanca
Amine,20,Kenitra
Amine,32,Kenitra
Sofia,26,Casablanca
Meryem,57,Kenitra
Widad,47,Sale
Maryam,75,Rabat
Bob,50,Oujda
Ayoub,25,Sale
Yasmina,34,Rabat
Issam,47,Fes
Aya,53,El Jadida
Sofia,22,Rabat
Elodie,33,Rabat
Nadia,49,Beni Mellal
Mehdi,48,Kenitra
Elodie,59,Safi
Tarik,28,Marrakech
Abdel,33,Kenitra
Widad,60,Nador
Jawad,73,Beni Mellal
Lina,72,Sale
Amal,33,Marrakech
Amal,28,Fes
Salwa,42,Tetouan
Bob,69,Casablanca
Hamza,60,Tetouan
Rachid,60,Tetouan
Maryam,28,Meknes
Nadia,59,Meknes
Anas,68,Agadir
Nadia,24,Fes
Mehdi,70,Tetouan
Imane,46,Oujda
Aya,33,Tangier
Maryam,16,Safi
Aya,67,Agadir
Salwa,54,Beni Mellal
Imane,60,Rabat
Zineb,78,Tetouan
Rayane,47,Tetouan
Issam,44,Fes
Sabrina,36,Meknes
Hamza,69,Beni Mellal
Lina,76,Oujda
Rayane,59,Agadir
Khadija,15,Rabat
Mounir,62,Nador
Widad,63,Oujda
Idriss,75,Agadir
Mehdi,71,Nador
Elodie,75,Beni Mellal
Sofia,61,El Jadida
Youssef,44,Sale
Mounir,32,Beni Mellal
Yassine,26,Tetouan
Hanae,73,Casablanca
Hanae,26,Beni Mellal
Yassine,73,Safi
Zakaria,76,Sale
Khadija,48,Agadir
Widad,17,Beni Mellal
Omar,39,Casablanca
Hamza,65,Beni Mellal
Amine,20,Kenitra
Aya,15,Agadir
Douae,39,Kenitra
Amine,58,Casablanca
Idriss,42,Sale
Yahya,49,Casablanca
Nadia,74,Safi
Fatima,74,Beni Mellal
Imane,59,Oujda
Alice,38,Safi
Sofia,51,Marrakech
Youssef,28,Marrakech
Rayane,79,Nador
Zineb,69,Kenitra
Rachid,55,El Jadida
Rayane,41,Tetouan
Anas,26,El Jadida
Elodie,16,El Jadida
Mehdi,44,Rabat
Reda,29,Meknes
Hamza,74,Casablanca
Issam,76,Marrakech
Ayoub,39,Oujda
Reda,50,Kenitra
Rachid,73,Marrakech
Nadia,79,Meknes
Sara,73,Meknes
Noura,63,Rabat
Yahya,57,Kenitra
Anas,73,Safi
Douae,66,Safi
Tarik,20,Nador
Tarik,39,Sale
Meryem,47,Casablanca
Maryam,59,Tetouan
Zineb,70,Marrakech
Hanae,78,Tangier
Ayoub,49,Meknes
Carol,57,Rabat
Widad,70,Meknes
Tarik,57,Tangier
Houda,61,Safi
Issam,54,El Jadida
Khadija,58,Tetouan
Reda,37,Agadir
Salma,26,Casablanca
Tarik,55,Safi
Maryam,46,Nador
Imane,16,Oujda
Houda,47,Agadir
Meryem,63,Tangier
Rayane,28,El Jadida
Tarik,78,Beni Mellal
Loubna,50,Oujda
Zineb,55,Meknes
Jawad,33,Rabat
Douae,68,Tangier
Omar,33,Oujda
Aya,24,Rabat
Amine,26,Sale
Mounir,37,Marrakech
Lina,42,Nador
Sara,29,Rabat
Tarik,60,Oujda
Sara,58,Casablanca
Tarik,20,El Jadida
Reda,43,Safi
Carol,49,Sale
Cedric,57,Agadir
Imane,74,Casablanca
Bilal,79,Safi
Imane,38,Oujda
Rachid,78,Rabat
Rayane,65,Casablanca
Carol,38,Marrakech
Salma,15,Tetouan
Khadija,77,Casablanca
Imane,78,Safi
Sabrina,45,El Jadida
Maryam,41,Safi
Yassine,68,Meknes
Youssef,71,Sale
Maryam,68,Meknes
Jawad,41,Marrakech
Yasmina,28,Sale
Yasmina,15,Rabat
Amine,61,Tetouan
Widad,22,Beni Mellal
Alice,41,Casablanca
Carol,37,Nador
Rayane,62,Kenitra
Maryam,76,Beni Mellal
Meryem,79,Tangier
Rayane,70,Rabat
Zineb,35,Kenitra
Yahya,56,Safi
Youssef,32,Agadir
Mohamed,70,Sale
Rachid,56,Sale
Lina,19,Tangier
Amal,38,Tangier
Rayane,45,Sale
Amine,31,Meknes
Zakaria,76,Casablanca
Yasmina,26,El Jadida
Idriss,48,Safi
Maryam,20,Safi
Salma,79,Casablanca
Houda,64,Nador
Loubna,32,Meknes
Salma,39,Nador
Bob,60,Tangier
Amal,76,El Jadida
Loubna,38,Fes
Aya,38,Fes
Idriss,79,Sale
Widad,62,Marrakech
Douae,78,Beni Mellal
Amal,45,Fes
Maryam,77,Sale
Hanae,61,Beni Mellal
Cedric,46,Kenitra
Fatima,56,Tangier
Lina,62,Kenitra
Sabrina,51,Sale
Rayane,64,Tetouan
Zakaria,16,Safi
Nadia,17,Kenitra
Mehdi,37,Agadir
Douae,36,Oujda
Omar,35,Beni Mellal
Fatima,19,Tetouan
Rayane,49,Nador
Issam,34,Fes
Mehdi,44,Casablanca
Salwa,77,Agadir
Anas,35,Sale
Meryem,59,Nador
Sabrina,54,Sale
Houda,66,Marrakech
Rachid,30,Meknes
Salma,33,Agadir
Reda,68,Tangier
Youssef,80,Oujda
Meryem,78,Safi
Maryam,15,Kenitra
Salwa,58,Fes
Elodie,56,Casablanca
Mounir,38,Tetouan
Youssef,27,Tangier
Elodie,77,Safi
Meryem,55,Casablanca
Carol,77,Rabat
Noura,76,Rabat
Yahya,27,Meknes
Aya,80,Sale
Khadija,50,Kenitra
Sara,74,Marrakech
Meryem,25,Kenitra
Imane,64,Nador
Hanae,49,Tetouan
Alice,21,Casablanca
Yassine,15,Fes
Yasmina,39,Marrakech
Maryam,76,Safi
Salma,18,Agadir
Amal,15,Fes
Douae,74,Tetouan
Ayoub,73,Casablanca
Mohamed,80,Agadir
Yassine,65,Rabat
Salma,69,Fes
Salwa,75,Marrakech
Anas,17,Beni Mellal
Lina,48,Rabat
Mounir,60,Beni Mellal
Lina,48,Marrakech
Khadija,53,Safi
Amine,72,Tetouan
Sabrina,23,Oujda
Alice,69,Casablanca
Ayoub,28,Kenitra
Loubna,24,Marrakech
Zineb,62,Rabat
Zineb,44,Beni Mellal
Lina,49,Fes
Aya,39,Oujda
Youssef,32,Tangier
Adam,35,Rabat
Houda,60,Beni Mellal
Issam,52,Safi
Douae,31,Oujda
Cedric,46,Meknes
Amine,57,Kenitra
Jawad,17,Safi
Cedric,69,Rabat
Issam,28,Fes
Salma,45,Safi
Elodie,77,Kenitra
Salwa,51,Nador
Maryam,43,Agadir
Khadija,52,Rabat
Adam,43,Rabat
Issam,41,Casablanca
Sara,76,Sale
Yasmina,29,Oujda
Amal,40,Tangier
Carol,59,Tangier
Noura,49,Marrakech
Alice,74,Meknes
Mohamed,44,Beni Mellal
Rayane,25,Oujda
Sara,59,Agadir
Sofia,55,Fes
Sabrina,80,El Jadida
Karim,24,Kenitra
Carol,37,Sale
Karim,68,Rabat
Idriss,39,Safi
Cedric,53,Casablanca
Bob,37,Tangier
Ayoub,22,Beni Mellal
Omar,61,Safi
Mounir,53,Kenitra
Issam,20,Safi
Sara,21,Sale
Bilal,33,Fes
Amine,79,Kenitra
Amine,37,Tetouan
Issam,79,Safi
Houda,21,Marrakech
Maryam,54,Meknes
Loubna,18,Nador
Jawad,28,Agadir
Issam,49,Safi
Mehdi,50,Sale
Rayane,36,Meknes
Youssef,34,Meknes
Yasmina,45,Fes
Cedric,36,Safi
Karim,36,Sale
Cedric,19,Tangier
Houda,38,Tangier
Aya,30,Casablanca
Hanae,70,Marrakech
Yahya,68,Agadir
Abdel,39,El Jadida
Douae,40,Tetouan
Salwa,39,El Jadida
Hanae,64,Rabat
Douae,74,Sale
Fatima,50,Nador
Amal,67,Agadir
Imane,64,Rabat
Salma,73,Marrakech
Nadia,33,Agadir
Hamza,63,Tetouan
Douae,25,Beni Mellal
Sabrina,41,Beni Mellal
Sara,44,Sale
Yasmina,58,Tetouan
Zineb,53,Meknes
Zineb,59,Meknes
Mehdi,29,Casablanca
Elodie,49,Tetouan
Sofia,58,Tangier
Salwa,35,Marrakech
Adam,52,Casablanca
Aya,15,Safi
Meryem,25,Marrakech
Sabrina,56,Fes
Issam,55,Marrakech
Tarik,76,Meknes
Issam,73,Tetouan
Khadija,16,Tangier
Sofia,76,Tetouan
Zineb,36,Safi
Houda,51,Rabat
Reda,36,Marrakech
Reda,69,Kenitra
Noura,52,Tangier
Khadija,31,Kenitra
Bilal,29,Nador
Tarik,20,Sale
Mehdi,65,Agadir
Yassine,26,Kenitra
Aya,72,Marrakech
Sara,43,El Jadida
Lina,47,Marrakech
Mehdi,25,Meknes
Elodie,77,Marrakech
Zakaria,27,Meknes
Omar,80,Safi
Yahya,76,Sale
Zakaria,67,Oujda
Bob,31,Safi
Zakaria,23,Rabat
Tarik,23,Beni Mellal
Mounir,47,Rabat
Yasmina,67,Safi
Mounir,47,Casablanca
Reda,51,Rabat
Sofia,45,Kenitra
Omar,38,Rabat
Issam,51,Beni Mellal
Lina,38,Tetouan
Noura,38,Oujda
Imane,45,Casablanca
Rachid,43,El Jadida
Rachid,29,Sale
Rachid,44,Rabat
Alice,43,Agadir
Mohamed,23,Oujda
Omar,41,Safi
Nadia,55,Safi
Sabrina,66,Kenitra
Bob,24,Marrakech
Mounir,20,Agadir
Mounir,29,Casablanca
Bob,45,Marrakech
Karim,46,Oujda
Ayoub,77,Nador
Elodie,64,Marrakech
Aya,61,Oujda
Rayane,46,Beni Mellal
Houda,19,El Jadida
Salma,28,Tetouan
Salma,23,Casablanca
Tarik,57,Fes
Meryem,47,Oujda
Maryam,56,Sale
Fatima,67,Nador
Salwa,36,Tetouan
Jawad,78,Casablanca
Houda,49,Agadir
Douae,22,Kenitra
Aya,19,Rabat
Mehdi,66,Oujda
Yassine,19,Fes
Mehdi,36,Meknes
Tarik,30,Oujda
Yahya,21,Marrakech
Tarik,32,Sale
Alice,75,Safi
Khadija,40,Oujda
Reda,67,Kenitra
Reda,58,Tangier
Issam,31,Agadir
Carol,28,El Jadida
Maryam,58,Sale
Amine,38,Casablanca
Lina,35,Sale
Issam,49,Agadir
Lina,37,El Jadida
Douae,46,Rabat
Idriss,15,Fes
Bob,70,Oujda
Meryem,52,Sale
Issam,66,Beni Mellal
Widad,73,Nador
Hamza,23,Tetouan
Sabrina,44,Kenitra
Zakaria,69,Marrakech
Mounir,71,Meknes
Khadija,31,Meknes
Yasmina,71,Safi
Anas,56,Rabat
Houda,41,El Jadida
Yassine,68,Safi
Zineb,53,Tangier
Zakaria,76,Tetouan
Tarik,23,Oujda
Salma,78,Casablanca
Noura,60,Rabat
Karim,48,Beni Mellal
Elodie,54,Meknes
Lina,21,Beni Mellal
Nadia,52,Oujda
Bilal,66,Safi
Hanae,47,Tetouan
Issam,41,Oujda
Amine,66,Nador
Mohamed,55,Marrakech
Sara,43,Nador
Meryem,59,Beni Mellal
Alice,25,Nador
Widad,46,Oujda
Yassine,78,Tangier
Noura,49,Fes
Rayane,71,Fes
Aya,45,Tangier
Rayane,68,Meknes
Sabrina,63,Sale
Youssef,37,Beni Mellal
Mehdi,32,Sale
Carol,45,Nador
Karim,59,Tetouan
Widad,77,Casablanca
Idriss,35,Agadir
Issam,80,Oujda
Amine,32,Safi
Issam,55,Beni Mellal
Maryam,38,El Jadida
Yasmina,18,Agadir
Mehdi,66,Rabat
Hamza,33,Sale
Abdel,50,Marrakech
Yassine,19,Rabat
Zakaria,57,Tangier
Yassine,79,Tangier
Widad,27,Safi
Yassine,47,Marrakech
Hamza,43,Tetouan
Amal,56,Marrakech
Bob,58,Tetouan
Nadia,58,Rabat
Loubna,27,Casablanca
Zakaria,78,Agadir
Mehdi,21,Rabat
Amine,16,Beni Mellal
Houda,78,Fes
Adam,69,El Jadida
Yasmina,62,Meknes
Youssef,15,El Jadida
Carol,20,Nador
Cedric,44,Agadir
Tarik,50,Beni Mellal
Adam,54,Safi
Aya,21,Oujda
Karim,33,Agadir
Loubna,58,Agadir
Bilal,32,Sale
Amal,59,El Jadida
Issam,50,Beni Mellal
Ayoub,67,Rabat
Mehdi,60,Nador
Salwa,29,Tetouan
Hanae,16,Tangier
Cedric,21,Fes
Reda,72,Sale
Sofia,39,Agadir
Loubna,27,Fes
Houda,39,El Jadida
Salma,31,Safi
Amine,66,Beni Mellal
Carol,44,Safi
Noura,34,Agadir
Lina,65,Casablanca
Issam,20,Tetouan
Douae,61,Rabat
Karim,22,El Jadida
Omar,25,Rabat
Aya,16,Tetouan
Jawad,64,Meknes
Carol,34,Beni Mellal
Loubna,28,Oujda
Mounir,75,Tetouan
Amine,15,Kenitra
Karim,31,Kenitra
Lina,22,Marrakech
Bilal,50,Tetouan
Sofia,77,Rabat
Sabrina,46,Tetouan
Abdel,52,Agadir
Mehdi,64,Kenitra
Sara,35,Tangier
Omar,73,Nador
Rayane,41,Safi
Tarik,63,Marrakech
Salma,67,Nador
Amine,22,Nador
Mounir,24,Oujda
Mohamed,42,Fes
Widad,75,Safi
Sofia,60,Fes
Nadia,40,Oujda
Alice,29,Beni Mellal
Fatima,32,Oujda
Hamza,35,Marrakech
Loubna,21,Oujda
Bob,61,Sale
Zakaria,30,Agadir
Mounir,59,Tetouan
Adam,43,Nador
Fatima,33,Beni Mellal
Rachid,65,Sale
Idriss,36,Fes
Jawad,30,Kenitra
Sabrina,45,El Jadida
Bilal,33,El Jadida
Youssef,66,Meknes
Rachid,67,Oujda
Carol,74,Agadir
Douae,61,Sale
Mohamed,59,Safi
Bob,80,Beni Mellal
Salma,20,Kenitra
Maryam,44,Safi
Jawad,26,Tangier
Omar,65,Safi
Reda,68,Fes
Meryem,32,Tetouan
Noura,79,Tangier
Issam,21,El Jadida
Anas,49,Tetouan
Sofia,27,Kenitra
Hanae,75,Agadir
Jawad,44,Oujda
Karim,58,Meknes
Tarik,34,Tetouan
Zakaria,76,Rabat
Mohamed,35,Nador
Zineb,74,Agadir
Fatima,44,Casablanca
Mounir,46,Beni Mellal
Bilal,24,Beni Mellal
Fatima,29,Beni Mellal
Douae,36,El Jadida
Zineb,64,Fes
Mehdi,45,Tetouan
Zineb,17,Sale
Loubna,17,Rabat
Amal,55,Oujda
Zakaria,35,Meknes
Khadija,58,Tangier
Houda,37,Beni Mellal
Nadia,55,Tangier
Rayane,42,Marrakech
Sofia,69,Tetouan
Imane,36,Kenitra
Salwa,24,Agadir
Abdel,68,Agadir
Zineb,57,Agadir
Widad,78,Tangier
Zakaria,41,Nador
Amal,64,Tetouan
Rayane,72,Agadir
Rayane,79,El Jadida
Youssef,75,Tetouan
Sofia,31,Oujda
Tarik,43,Meknes
Mohamed,28,Rabat
Jawad,38,El Jadida
Youssef,23,Sale
Mounir,40,Tetouan
Elodie,59,Casablanca
Rachid,75,Marrakech
Yahya,74,Agadir
Rachid,24,Rabat
Reda,62,Nador
Issam,60,Agadir
Hamza,32,Tangier
Salma,19,Rabat
Meryem,71,Fes
Abdel,35,Safi
Amal,72,Kenitra
Khadija,20,Oujda
Reda,46,Meknes
Rachid,55,Tangier
Widad,48,Casablanca
Elodie,31,Tetouan
Cedric,34,Agadir
Imane,33,Marrakech
Fatima,64,Kenitra
Widad,40,Casablanca
Bilal,23,Kenitra
Amal,43,Meknes
Amine,43,Tetouan
Sofia,24,Oujda
Youssef,20,Tetouan
Alice,42,Kenitra
Fatima,65,Tetouan
Meryem,70,Casablanca
Karim,42,Kenitra
Aya,18,Meknes
Mohamed,67,Marrakech
Anas,45,Tangier
Yahya,23,Marrakech
Hanae,42,El Jadida
Alice,37,Rabat
Nadia,29,Rabat
Houda,23,Fes
Bob,61,Tetouan
Houda,76,Meknes
Amine,40,Casablanca
Bilal,20,Fes
Karim,79,Fes
Rachid,68,Tetouan
Rachid,18,Meknes
Mounir,36,Fes
Hanae,64,Tangier
Loubna,22,Rabat
Rayane,16,Nador
Cedric,56,Marrakech
Houda,69,Tangier
Nadia,39,Safi
Carol,22,Fes
Idriss,60,Fes
Hanae,19,Agadir
Amine,35,Marrakech
Carol,49,Fes
Anas,57,Rabat
Issam,61,Meknes
Abdel,34,Casablanca
Yassine,37,Fes
Anas,60,Beni Mellal
Omar,77,Sale
Tarik,44,Oujda
Alice,38,Casablanca
Rachid,19,Casablanca
Hanae,68,Sale
Jawad,75,Marrakech
Zakaria,26,Rabat
Zineb,43,Tetouan
Yassine,30,El Jadida
Imane,79,Fes
Alice,49,Fes
Idriss,45,Fes
Lina,48,Marrakech
Rachid,32,Meknes
Fatima,56,Tetouan
Hamza,16,Tangier
Zineb,55,Agadir
Salma,51,Tangier
Abdel,65,Tangier
Bob,21,Oujda
Maryam,63,Fes
Amal,24,Kenitra
Yasmina,38,Fes
Adam,45,Agadir
Bob,53,Nador
Ayoub,28,El Jadida
Bob,30,Oujda
Zineb,77,Fes
Yahya,64,Beni Mellal
Jawad,56,Sale
Loubna,37,Agadir
Loubna,63,Tangier
Ayoub,42,Tangier
Sara,50,Sale
Fatima,79,Rabat
Elodie,29,Beni Mellal
Noura,75,Kenitra
Bilal,15,El Jadida
Elodie,20,Safi
Bob,65,Fes
Amine,69,Sale
Mohamed,47,Marrakech
Alice,26,El Jadida
Rayane,80,Safi
Adam,77,Sale
Salwa,28,Beni Mellal
Nadia,77,Kenitra
Alice,32,Sale
Fatima,26,Meknes
Tarik,72,Tetouan
Meryem,72,Tetouan
Youssef,48,Sale
Yahya,46,Tangier
Bob,79,Casablanca
Fatima,29,Nador
Hanae,37,Marrakech
Rachid,45,Nador
Hanae,69,El Jadida
Jawad,53,Kenitra
Alice,49,Meknes
Abdel,44,Meknes
Nadia,56,Marrakech
Fatima,32,Agadir
Cedric,54,Sale
Mounir,27,Beni Mellal
Aya,72,Casablanca
Hanae,37,El Jadida
Salma,41,Agadir
Issam,78,Casablanca
Widad,29,Nador
Khadija,75,Beni Mellal
Khadija,29,Tangier
Meryem,75,Kenitra
Hanae,57,Marrakech
Sofia,26,El Jadida
Rachid,34,Tetouan
Loubna,39,Sale
Mounir,29,Rabat
Aya,50,Casablanca
Ayoub,44,Sale
Sara,35,Casablanca
Mounir,68,Sale
Issam,37,Beni Mellal
Idriss,64,Beni Mellal
Houda,15,Sale
Meryem,56,Oujda
Tarik,54,Tetouan
Rayane,78,El Jadida
Hamza,57,Sale
Issam,60,Sale
Aya,71,Tangier
Douae,60,Fes
Bob,22,Fes
Khadija,40,Beni Mellal
Yasmina,43,Tetouan
Meryem,19,Oujda
Aya,62,Nador
Widad,37,El Jadida
Alice,60,Fes
Mehdi,34,Rabat
Elodie,15,Tetouan
Imane,77,Nador
Yassine,50,Meknes
Adam,62,Tangier
Jawad,39,Oujda
Amal,62,Tangier
Hamza,46,Kenitra
Aya,32,Beni Mellal
Meryem,58,Tangier
Mohamed,74,Beni Mellal
Elodie,71,El Jadida
Mehdi,27,Fes
Imane,40,Tangier
Zakaria,32,Tangier
Ayoub,24,Casablanca
Maryam,79,Beni Mellal
Sofia,35,Beni Mellal
Widad,78,El Jadida
Noura,47,Safi
Amal,49,Meknes
Rayane,70,Tetouan
Zineb,39,El Jadida
Bilal,58,Rabat
Jawad,41,Meknes
Carol,48,Oujda
Carol,54,Marrakech
Sabrina,38,Sale
Salwa,16,Kenitra
Alice,25,Nador
Alice,54,Sale
Reda,54,El Jadida
Mehdi,37,Agadir
Ayoub,52,Safi
Rachid,61,Meknes
Abdel,65,Nador
Mohamed,66,Agadir
Reda,50,Nador
Sofia,64,Rabat
Reda,72,El Jadida
Carol,35,Oujda
Cedric,60,Casablanca
Yassine,30,El Jadida
Yassine,70,Rabat
Issam,26,Casablanca
Zineb,67,Tetouan
Lina,62,Oujda
Bilal,39,Fes
Houda,41,Marrakech
Abdel,79,El Jadida
Bilal,54,Tangier
Reda,70,Oujda
Amine,26,Casablanca
Anas,37,Kenitra
Omar,27,Beni Mellal
Anas,69,Fes
Jawad,34,Beni Mellal
Mounir,30,Rabat
Amine,39,Beni Mellal
Jawad,50,Meknes
Elodie,58,Oujda
Cedric,66,Oujda
Amal,25,Fes
Hanae,66,Tetouan
Sofia,22,Fes
Amal,53,Rabat
Idriss,25,Kenitra
Bilal,78,Sale
Ayoub,26,Fes
Karim,18,Agadir
Karim,62,Tetouan
Amal,33,Sale
Imane,24,Agadir
Bilal,52,Sale
Bob,19,Tangier
Zineb,73,Marrakech
Issam,71,Safi
Issam,42,Fes
Zakaria,33,Sale
Noura,20,Tetouan
Ayoub,40,Marrakech
Loubna,46,Casablanca
Elodie,75,El Jadida
Bilal,43,Agadir
Issam,64,Kenitra
Ayoub,58,Nador
Rachid,51,Meknes
Hamza,51,Rabat
Yasmina,51,Meknes
Anas,79,Beni Mellal
Elodie,61,Casablanca
Abdel,67,Rabat
Amine,25,Kenitra
Yassine,37,Beni Mellal
Imane,20,Agadir
Adam,15,Sale
Issam,70,Tetouan
Hanae,43,Tangier
Karim,58,El Jadida
Douae,28,Nador
Meryem,61,Beni Mellal
Jawad,61,Sale
Lina,78,Beni Mellal
Maryam,35,Tangier
Imane,59,Oujda
Zineb,77,Tangier
Issam,35,Kenitra
Sofia,48,Rabat
Lina,27,Oujda
Salwa,47,Rabat
Adam,58,Beni Mellal
Yasmina,62,Tetouan
Alice,44,Fes
Bilal,79,Casablanca
Zakaria,39,Tangier
Omar,48,Safi
Zineb,79,Sale
Lina,24,Nador
Lina,23,Oujda
Abdel,46,Tangier
Yassine,70,Agadir
Abdel,18,Tetouan
Salwa,56,Beni Mellal
Amine,36,Tangier
Sara,19,Fes
Mounir,74,Marrakech
Reda,31,Sale
Aya,29,Tangier
Idriss,80,Tangier
Sara,34,Kenitra
Idriss,29,Beni Mellal
Loubna,30,Rabat
Amine,75,Meknes
Loubna,53,Nador
Abdel,64,Tetouan
Nadia,33,Marrakech
Tarik,72,Oujda
Youssef,28,Oujda
Widad,79,Tetouan
Sabrina,39,Casablanca
Fatima,44,Meknes
Lina,24,Marrakech
Salwa,29,El Jadida
Mehdi,76,Beni Mellal
Abdel,62,Sale
Abdel,60,Agadir
Jawad,29,Sale
Idriss,50,Agadir
Lina,38,Casablanca
Meryem,18,Oujda
Mounir,56,Kenitra
Anas,63,Marrakech
Tarik,44,Tetouan
Tarik,60,Casablanca
Hamza,38,Beni Mellal
Hamza,33,Tangier
Tarik,15,Meknes
Khadija,21,Rabat
Adam,61,Nador
Douae,15,Safi
Sara,65,Rabat
Noura,59,Meknes
Houda,50,Beni Mellal
Tarik,32,Oujda
Jawad,35,Tangier
Mohamed,27,Rabat
Yassine,23,Marrakech
Salwa,28,Casablanca
Cedric,38,Tangier
Lina,75,Casablanca
Nadia,57,Agadir
Abdel,45,Nador
Ayoub,58,Sale
Mohamed,66,Safi
Aya,15,Safi
Bob,35,Safi
Sofia,61,Tangier
Zakaria,42,Nador
Amal,51,Kenitra
Fatima,55,Meknes
Issam,19,Tetouan
Sabrina,37,Tetouan
Abdel,17,El Jadida
Reda,65,Kenitra
Mounir,70,Fes
Adam,17,Oujda
Imane,76,Casablanca
Meryem,64,Oujda
Salwa,47,Oujda
Tarik,21,Nador
Adam,64,Casablanca
Adam,72,Sale
Omar,50,Tetouan
Rachid,29,Meknes
Sabrina,16,Nador
Cedric,28,Kenitra
Salwa,39,Tangier
Lina,71,Sale
Imane,16,Meknes
Maryam,43,El Jadida
Rayane,32,Beni Mellal
Sabrina,32,Casablanca
Mounir,26,Beni Mellal
Sofia,30,Tangier
Salwa,24,Sale
Issam,67,Safi
Imane,51,Meknes
Sofia,16,Sale
Lina,79,Nador
Adam,19,El Jadida
Rayane,61,Marrakech
Abdel,64,Beni Mellal
Zineb,80,Safi
Douae,45,Casablanca
Reda,74,Rabat
Bob,69,Sale
Cedric,48,Oujda
Noura,22,Nador
Amine,64,Oujda
Nadia,52,Meknes
Fatima,24,Marrakech
Fatima,31,Tangier
Lina,62,Fes
Meryem,44,El Jadida
Elodie,40,Marrakech
Salma,16,Marrakech
Noura,38,Rabat
Mehdi,40,Kenitra
Reda,68,Kenitra
Salma,31,Casablanca
Zakaria,23,Agadir
Yassine,66,Meknes
Yahya,47,Tetouan
Reda,57,Marrakech
Karim,30,Casablanca
Idriss,54,Sale
Hanae,35,Sale
Omar,56,Oujda
Fatima,76,Safi
Tarik,48,Agadir
Sabrina,23,Agadir
Lina,15,Meknes
Lina,48,Tetouan
Meryem,36,Tangier
Yassine,79,Sale
Bob,72,Rabat
Aya,27,Oujda
Jawad,45,Beni Mellal
Anas,55,Tangier
Nadia,38,El Jadida
Amine,39,Beni Mellal
Nadia,58,Tangier
Mohamed,77,Oujda
Meryem,18,Marrakech
Omar,16,Beni Mellal
Nadia,57,Tetouan
Mounir,21,Casablanca
Reda,18,Meknes
Salma,21,Tetouan
Mounir,21,Fes
Abdel,25,Rabat
Issam,27,Beni Mellal
Salwa,32,Meknes
Mehdi,39,Beni Mellal
Sabrina,64,Rabat
Sara,63,Agadir
Sabrina,19,Beni Mellal
Jawad,61,Oujda
Hanae,78,Meknes
Yasmina,79,Kenitra
Jawad,24,El Jadida
Widad,76,Nador
Sabrina,38,El Jadida
Bob,59,Fes
Zineb,36,Sale
Fatima,58,Meknes
Mehdi,24,Fes
Hamza,51,Casablanca
Maryam,78,Agadir
Ayoub,79,Oujda
Sofia,72,Meknes
Meryem,36,Oujda
Sara,22,El Jadida
Hamza,24,Fes
Reda,75,Agadir
Reda,50,Fes
Tarik,59,Meknes
Alice,46,El Jadida
Mehdi,56,Kenitra
Abdel,42,Beni Mellal
Houda,19,Fes
Reda,42,El Jadida
Sara,52,Beni Mellal
Aya,16,Kenitra
Aya,77,Beni Mellal
Elodie,55,Tetouan
Sofia,68,Agadir
Youssef,38,Meknes
Yahya,55,Fes
Houda,52,Sale
Sofia,33,Sale
Jawad,67,Marrakech
Elodie,15,Tangier
Reda,49,Beni Mellal
Rayane,18,Tetouan
Meryem,49,Kenitra
Widad,27,Casablanca
Sabrina,27,Tetouan
Tarik,39,Sale
Youssef,59,Safi
Idriss,56,Beni Mellal
Karim,71,Safi
Widad,57,Rabat
Douae,80,Tetouan
Fatima,16,Meknes
Houda,60,Meknes
Yasmina,26,Marrakech
Jawad,56,Fes
Yasmina,59,Marrakech
Omar,34,Agadir
Lina,76,Meknes
Amal,26,Nador
Cedric,19,Rabat
Douae,76,Nador
Rayane,75,Oujda
Maryam,69,Rabat
Zineb,21,Sale
Maryam,42,Tangier
Amal,53,Beni Mellal
Sofia,56,Rabat
Mohamed,63,Fes
Zakaria,51,Marrakech
Imane,42,El Jadida
Maryam,47,Tetouan
Omar,64,Oujda
Nadia,44,Sale
Khadija,33,El Jadida
Douae,66,Oujda
Meryem,77,Tangier
Widad,15,Tetouan
Ayoub,37,Agadir
Alice,31,Rabat
Salwa,59,Fes
Fatima,22,Agadir
Zineb,75,Tetouan
Youssef,35,Tetouan
Salma,47,Marrakech
Anas,44,Fes
Karim,63,Beni Mellal
Rachid,79,Tetouan
Tarik,44,Agadir
Salma,48,Rabat
Khadija,20,Tangier
Carol,60,Safi
Lina,17,Rabat
Houda,53,El Jadida
Noura,59,Tetouan
Jawad,52,Tangier
Yassine,55,Nador
Sara,61,Tangier
Salma,39,Sale
Meryem,53,Sale
Elodie,20,Agadir
Houda,74,Oujda
Rachid,28,El Jadida
Adam,75,Agadir
Mehdi,71,Rabat
Sara,51,Meknes
Cedric,61,Nador
Douae,65,Nador
Salma,20,Fes
Elodie,68,Meknes
Sara,55,Agadir
Aya,46,Tangier
Houda,24,Safi
Idriss,61,Fes
Amal,23,Sale
Yassine,73,El Jadida
Lina,25,El Jadida
Rayane,67,Nador
Hanae,19,Meknes
Aya,28,El Jadida
Widad,24,Agadir
Aya,31,Meknes
Sabrina,61,Fes
Mohamed,56,Agadir
Mounir,50,Beni Mellal
Mounir,28,Tetouan
Nadia,66,Rabat
Tarik,56,Tetouan
Aya,61,El Jadida
Noura,60,Fes
Khadija,78,Beni Mellal
Cedric,54,Kenitra
Sabrina,29,Nador
Rayane,48,Rabat
Houda,62,Tangier
Maryam,72,Oujda
Ayoub,33,Nador
Bilal,33,Agadir
Reda,33,Tangier
Meryem,80,Kenitra
Yassine,39,Casablanca
Elodie,45,Sale
Yassine,51,Beni Mellal
Idriss,51,Beni Mellal
Meryem,69,Meknes
Alice,21,Nador
Fatima,20,El Jadida
Amine,60,Agadir
Salwa,47,Sale
Salwa,38,Meknes
Bob,28,Oujda
Zineb,75,Rabat
Khadija,45,Oujda
Widad,76,Meknes
Karim,45,Sale
Douae,76,Agadir
Rachid,54,Rabat
Reda,55,Nador
Zakaria,74,Sale
Reda,45,Beni Mellal
Alice,77,Oujda
Sofia,40,Fes
Meryem,42,Nador
Fatima,71,Tetouan
Mohamed,34,Rabat
Mounir,32,Oujda
Bilal,55,Kenitra
Nadia,40,Safi
Rachid,43,Kenitra
Zineb,54,Casablanca
Houda,51,Beni Mellal
Anas,70,Beni Mellal
Fatima,60,Marrakech
Lina,25,Tangier
Tarik,15,Safi
Salwa,78,Meknes
Meryem,29,Tetouan
Yassine,76,El Jadida
Idriss,67,Kenitra
Houda,46,Beni Mellal
Issam,42,El Jadida
Douae,60,Meknes
Mohamed,40,Agadir
Rachid,40,Kenitra
Rachid,34,Agadir
Bob,58,Fes
Elodie,54,Tangier
Anas,52,Fes
Lina,79,Tetouan
Fatima,70,Casablanca
Idriss,59,Oujda
Omar,55,Safi
Bilal,57,Meknes
Houda,73,Kenitra
Jawad,54,El Jadida
Youssef,36,Tetouan
Rayane,41,Marrakech
Khadija,45,Nador
Aya,48,El Jadida
Idriss,50,Sale
Yasmina,48,Kenitra
Maryam,62,Sale
Lina,17,Sale
Amal,37,Casablanca
Youssef,51,Sale
Douae,41,Beni Mellal
Tarik,34,Tetouan
Alice,63,Agadir
Yahya,32,Oujda
Zineb,55,Marrakech
Douae,32,Marrakech
Reda,66,Fes
Bob,44,Nador
Fatima,61,Meknes
Yahya,60,Casablanca
Sara,21,Nador
Khadija,54,Marrakech
Loubna,74,Oujda
Carol,59,Safi
Omar,47,Agadir
Mounir,18,Agadir
Amine,67,Marrakech
Yahya,45,Safi
Adam,72,Beni Mellal
Sara,42,Kenitra
Lina,19,Casablanca
Lina,69,Rabat
Imane,25,Casablanca
Alice,18,Fes
Jawad,52,Marrakech
Reda,75,Beni Mellal
Idriss,56,Tetouan
Loubna,39,Nador
Elodie,26,Tetouan
Rachid,69,Sale
Fatima,65,Tangier
Yasmina,59,Tetouan
Zakaria,63,Sale
Imane,28,Nador
Rayane,51,Safi
Amal,20,Nador
Yasmina,63,Beni Mellal
Alice,58,Safi
Sabrina,48,Sale
Rachid,40,Tetouan
Mounir,25,Fes
Karim,72,Meknes
Loubna,27,Nador
Aya,72,Rabat
Anas,24,Agadir
Issam,46,El Jadida
Rachid,33,Marrakech
Meryem,46,Marrakech
Meryem,23,Marrakech
Amal,62,Rabat
Douae,54,Fes
Bob,66,Casablanca
Tarik,20,Sale
Yassine,70,Nador
Elodie,26,Nador
Hanae,64,Tangier
Adam,26,Casablanca
Ayoub,80,Marrakech
Tarik,64,Sale
Anas,51,Safi
Khadija,26,Tangier
Zakaria,53,Meknes
Widad,31,Fes
Lina,29,Fes
Fatima,60,Agadir
Mehdi,64,Meknes
Nadia,78,Fes
Noura,37,Kenitra
Fatima,16,Tetouan
Hamza,46,Casablanca
Lina,33,Tangier
Yahya,34,Tetouan
Idriss,32,Kenitra
Noura,78,Tangier
Rachid,79,Beni Mellal
Sofia,65,Meknes
Yasmina,38,Beni Mellal
Lina,18,Kenitra
Lina,53,El Jadida
Yahya,54,Kenitra
Yasmina,54,Safi
Adam,15,Beni Mellal
Loubna,28,Fes
Issam,65,Tangier
Zakaria,55,Casablanca
Ayoub,43,Fes
Amine,47,Oujda
Karim,51,Marrakech
Alice,80,Oujda
Yahya,51,Sale
Widad,47,Sale
Alice,75,Fes
Zakaria,68,Beni Mellal
Alice,65,Kenitra
Douae,74,Kenitra
Mounir,57,Agadir
Noura,47,Rabat
Yassine,38,Marrakech
Karim,39,Casablanca
Mohamed,36,Casablanca
Zakaria,77,Tetouan
Yasmina,77,Meknes
Abdel,62,Sale
Mohamed,25,Tetouan
Rayane,52,Sale
Amal,40,Tetouan
Salwa,48,Fes
Issam,37,Casablanca
Tarik,38,Rabat
Amine,62,Kenitra
Zineb,19,Tangier
Sabrina,33,El Jadida
Ayoub,30,Beni Mellal
Karim,60,Nador
Issam,77,Fes
Salwa,20,Safi
Lina,53,Beni Mellal
Rayane,23,El Jadida
Yasmina,78,Tetouan
Reda,22,Kenitra
Fatima,31,Casablanca
Fatima,36,Marrakech
Rachid,44,Meknes
Ayoub,69,Rabat
Bilal,29,El Jadida
Maryam,15,Fes
Amal,17,Meknes
Adam,27,Marrakech
Amine,76,Beni Mellal
Mohamed,32,Meknes
Hamza,34,Marrakech
Rayane,26,Agadir
Yahya,56,Tetouan
Salma,39,Tetouan
Aya,46,Safi
Widad,61,Nador
Alice,32,Beni Mellal
Nadia,73,Marrakech
Imane,66,Casablanca
Loubna,52,Fes
Fatima,48,Rabat
Elodie,59,Tangier
Alice,34,Casablanca
Lina,47,Fes
Issam,46,Sale
Mohamed,72,Sale
Adam,63,Oujda
Carol,57,Casablanca
Adam,15,Agadir
Carol,20,Agadir
Rayane,18,Casablanca
Hamza,22,El Jadida
Houda,47,Safi
Hamza,69,Agadir
Loubna,57,Safi
Noura,44,Agadir
Maryam,56,Nador
Adam,49,El Jadida
Rachid,21,El Jadida
Mehdi,57,Sale
Fatima,79,Oujda
Sofia,79,Agadir
Karim,49,Fes
Abdel,29,Fes
Douae,23,Nador
Widad,26,Casablanca
Hamza,65,Kenitra
Elodie,56,Agadir
Aya,17,Tangier
Hamza,20,Casablanca
Alice,32,El Jadida
Fatima,21,El Jadida
Mehdi,30,Tetouan
Zineb,32,Nador
Carol,55,Agadir
Tarik,43,Fes
Yahya,36,Nador
Jawad,77,Nador
Fatima,24,Fes
Meryem,24,Nador
Douae,20,Agadir
Adam,67,Beni Mellal
Mounir,67,Casablanca
Youssef,57,Beni Mellal
Zineb,73,Tangier
Sofia,76,Casablanca
Bob,77,Tetouan
Fatima,35,Safi
Omar,25,Meknes
Sabrina,15,Beni Mellal
Aya,43,Marrakech
Zakaria,43,Rabat
Yassine,62,El Jadida
Houda,16,Tetouan
Lina,71,Sale
Cedric,49,Casablanca
Maryam,47,Oujda
Adam,62,Oujda
Karim,66,Safi
Amal,30,Tetouan
Mohamed,51,Safi
Carol,53,Oujda
Loubna,54,Agadir
Karim,25,Oujda
Mehdi,53,Nador
Elodie,64,Agadir
Youssef,24,Tetouan
Salma,51,Tangier
Meryem,24,Sale
Loubna,42,Tetouan
Maryam,65,Tangier
Mehdi,68,Tangier
Widad,36,Meknes
Aya,20,Nador
Reda,20,Fes
Elodie,25,Rabat
Imane,36,Casablanca
Karim,57,Marrakech
Elodie,41,Casablanca
Imane,35,Agadir
Aya,80,Rabat
Hanae,74,Fes
Zakaria,80,Safi
Houda,24,Agadir
Mehdi,53,Casablanca
Zakaria,56,Tangier
Khadija,65,Beni Mellal
Noura,53,Marrakech
Mohamed,20,Marrakech
Rayane,28,Fes
Yassine,51,Casablanca
Widad,15,Marrakech
Zakaria,68,Rabat
Sabrina,31,Rabat
Lina,70,Rabat
Noura,23,Casablanca
Bob,32,Safi
Salwa,22,Kenitra
Houda,74,Agadir
Sara,25,El Jadida
Anas,37,Safi
Lina,79,Kenitra
Maryam,38,Kenitra
Cedric,80,El Jadida
Imane,30,Tangier
Widad,29,Sale
Douae,18,Beni Mellal
Youssef,38,Nador
Sofia,76,Agadir
Yassine,39,Marrakech
Yasmina,57,Tetouan
Lina,59,Nador
Lina,80,El Jadida
Noura,25,Safi
Aya,19,Meknes
Sabrina,31,Nador
Bob,56,Sale
Bilal,26,Marrakech
Jawad,28,Beni Mellal
Loubna,64,Casablanca
Khadija,77,Beni Mellal
Aya,34,Fes
Khadija,75,Kenitra
Noura,44,Oujda
Loubna,37,Nador
Mehdi,53,Meknes
Mohamed,59,Sale
Tarik,43,Safi
Maryam,80,Tangier
Tarik,48,Tangier
Douae,48,Oujda
Abdel,42,Oujda
Hanae,80,Safi
Yahya,66,Fes
Zineb,43,Rabat
Yassine,69,El Jadida
Nadia,59,Tetouan
Amal,28,Marrakech
Lina,55,Tangier
Hamza,19,Meknes
Ayoub,55,Agadir
Sara,59,Beni Mellal
Cedric,18,Nador
Yasmina,41,Kenitra
Mounir,63,Nador
Zineb,30,Beni Mellal
Amine,77,Rabat
Sofia,37,El Jadida
Loubna,29,Meknes
Khadija,44,El Jadida
Amal,51,Nador
Yassine,17,Rabat
Yahya,31,Safi
Hamza,47,Safi
Yahya,50,Meknes
Bob,28,Tangier
Khadija,17,Fes
Mounir,58,Marrakech
Fatima,31,Meknes
Amine,29,Agadir
Sofia,68,Tetouan
Omar,78,El Jadida
Yasmina,16,Sale
Meryem,41,Beni Mellal
Hamza,36,Agadir
Maryam,61,Safi
Amine,70,Casablanca
Widad,80,Agadir
Idriss,27,Nador
Hanae,37,Safi
Ayoub,39,Casablanca
Imane,54,Sale
Khadija,69,Kenitra
Idriss,38,Rabat
Hanae,43,Tetouan
Rayane,33,Meknes
Yasmina,63,Kenitra
Aya,80,Fes
Houda,68,El Jadida
Mehdi,58,Safi
Sabrina,72,Sale
Ayoub,71,Casablanca
Sabrina,77,Sale
Hanae,30,Nador
Nadia,24,Tangier
Widad,17,Kenitra
Hanae,18,Nador
Amine,23,Tetouan
Salma,41,Fes
Mohamed,70,Safi
Loubna,78,Rabat
Abdel,46,Tangier
Aya,74,Kenitra
Noura,43,Fes
Noura,73,Tangier
Yasmina,32,El Jadida
Ayoub,55,Safi
Salma,42,Tetouan
Loubna,40,Safi
Sara,57,Agadir
Yasmina,34,Marrakech
Yahya,75,Meknes
Zakaria,42,Sale
Elodie,38,Rabat
Elodie,27,Tetouan
Amine,78,Oujda
Omar,53,Rabat
Mounir,66,Oujda
Bob,56,Kenitra
Salwa,76,Marrakech
Issam,41,Oujda
Omar,75,Rabat
Salma,58,Beni Mellal
Nadia,76,El Jadida
Mehdi,73,Meknes
Sofia,31,Oujda
Alice,34,Agadir
Aya,79,Casablanca
Zineb,26,Tangier
Loubna,75,Meknes
Zakaria,28,Tangier
Noura,30,Beni Mellal
Ayoub,72,Meknes
Yassine,36,Meknes
Anas,73,Tetouan
Imane,36,Nador
Sabrina,41,Fes
Karim,49,Tetouan
Yasmina,32,Agadir
Mehdi,67,Safi
Reda,38,Safi
Bilal,46,Sale
Rayane,54,Tetouan
Zineb,63,Fes
Sabrina,49,Beni Mellal
Omar,30,Marrakech
Maryam,17,El Jadida
Mohamed,75,Tangier
Douae,42,Sale
Widad,75,Beni Mellal
Mounir,61,Marrakech
Tarik,72,Beni Mellal
Amine,52,Agadir
Yahya,74,Sale
Nadia,56,Sale
Elodie,39,Beni Mellal
Mohamed,52,Casablanca
Lina,66,Safi
Ayoub,78,Agadir
Salma,66,Marrakech
Carol,51,Sale
Bilal,68,Casablanca
Imane,41,Tetouan
Alice,50,Tetouan
Yasmina,46,Rabat
Fatima,43,Meknes
Jawad,75,Casablanca
Yasmina,26,Fes
Yahya,24,Nador
Zineb,57,Nador
Salwa,36,Safi
Zineb,72,Fes
Alice,49,El Jadida
Sofia,62,Beni Mellal
Zineb,57,Casablanca
Rayane,60,Meknes
Reda,65,Kenitra
Rachid,41,El Jadida
Bob,40,Fes
Adam,66,Sale
Fatima,77,Safi
Issam,47,Oujda
Loubna,36,Tetouan
Hanae,22,Nador
Yassine,28,Oujda
Youssef,37,Kenitra
Karim,50,Agadir
Reda,62,Nador
Lina,39,Nador
Yahya,35,Tangier
Elodie,58,Safi
Rachid,48,Safi
Nadia,52,Rabat
Abdel,49,Fes
Bilal,69,Tetouan
Sofia,59,Rabat
Yasmina,78,Casablanca
Widad,17,Oujda
Nadia,49,Oujda
Loubna,41,Marrakech
Imane,77,Casablanca
Fatima,67,Agadir
Rachid,37,Sale
Idriss,71,Safi
Rayane,48,Casablanca
Sara,75,Nador
Hamza,62,Sale
Zakaria,32,Fes
Houda,25,Tetouan
Mounir,76,Beni Mellal
Tarik,37,Rabat
Bob,48,Kenitra
Zineb,52,Casablanca
Nadia,46,Fes
Yassine,30,Marrakech
Anas,44,Tangier
Nadia,23,Tetouan
Zineb,57,Sale
Maryam,52,Sale
Bilal,59,Tetouan
Abdel,57,Agadir
Zakaria,73,Tangier
Reda,38,Casablanca
Houda,64,Fes
Loubna,16,Oujda
Lina,31,Casablanca
Hamza,27,Sale
Omar,35,El Jadida
Lina,29,Sale
Aya,55,Beni Mellal
Ayoub,58,Nador
Rayane,40,El Jadida
Yahya,64,Fes
Reda,58,Marrakech
Salwa,64,Fes
Salma,45,Tetouan
Idriss,18,Meknes
Mohamed,45,Tangier
Yahya,61,Meknes
Reda,38,Sale
Abdel,22,Safi
Carol,52,Marrakech
Yassine,45,Tetouan
Maryam,43,Tangier
Bilal,55,Tangier
Reda,53,Kenitra
Idriss,22,Safi
Youssef,19,Kenitra
Sofia,30,Oujda
Rayane,45,Sale
Mounir,35,Fes
Yasmina,67,Kenitra
Adam,45,Rabat
Anas,66,Beni Mellal
Elodie,16,Tetouan
Hanae,78,El Jadida
Cedric,36,Marrakech
Meryem,26,Oujda
Douae,63,Casablanca
Mehdi,42,Meknes
Ayoub,20,Casablanca
Sabrina,73,Marrakech
Fatima,16,El Jadida
Cedric,32,Marrakech
Rayane,25,Meknes
Issam,21,Casablanca
Yahya,70,Meknes
Lina,42,Rabat
Tarik,65,Rabat
Fatima,64,Casablanca
Mounir,24,Casablanca
Loubna,39,Sale
Elodie,16,Rabat
Mounir,59,Beni Mellal
Alice,80,Casablanca
Alice,39,Casablanca
Douae,24,Tetouan
Alice,32,Kenitra
Carol,49,Tetouan
Loubna,41,Marrakech
Cedric,79,Meknes
Meryem,45,Marrakech
Youssef,49,Safi
Sofia,66,Casablanca
Ayoub,43,Rabat
Zineb,38,Agadir
Sara,51,Fes
Omar,29,Tetouan
Idriss,47,Nador
Yassine,69,El Jadida
Bob,22,Tetouan
Bob,49,Sale
Yasmina,31,Tangier
Yahya,75,El Jadida
Hamza,33,Fes
Amine,23,El Jadida
Maryam,61,Rabat
Hamza,66,El Jadida
Amal,71,Safi
Mohamed,37,Beni Mellal
Hamza,55,Sale
Yahya,54,Tetouan
Idriss,72,Nador
Yassine,58,Marrakech
Douae,24,Tetouan
Tarik,72,Beni Mellal
Hamza,71,Fes
Youssef,17,Marrakech
Yasmina,68,Fes
Hanae,35,Tetouan
Yahya,15,Nador
Tarik,61,Meknes
Rachid,35,Sale
Amal,23,Oujda
Douae,77,Casablanca
Youssef,36,Tetouan
Nadia,26,Beni Mellal
Abdel,43,Tangier
Reda,25,Kenitra
Noura,31,Safi
Zineb,58,Kenitra
Salma,49,Tetouan
Khadija,38,Agadir
Zineb,41,Kenitra
Anas,49,Sale
Omar,25,Marrakech
Youssef,54,Tangier
Bilal,52,Rabat
Bilal,23,Kenitra
Idriss,77,Kenitra
Zakaria,52,Casablanca
Ayoub,41,Tangier
Bilal,59,Agadir
Rayane,74,Beni Mellal
Mehdi,73,Safi
Maryam,50,Nador
Issam,47,Casablanca
Aya,49,Tetouan
Karim,56,Marrakech
Maryam,52,Fes
Youssef,64,Agadir
Ayoub,54,El Jadida
Mounir,40,Marrakech
Hamza,42,Tangier
Yasmina,59,Sale
Mounir,48,Sale
Lina,32,Kenitra
Bilal,58,Agadir
Tarik,31,Casablanca
Rayane,53,Safi
Rayane,33,Marrakech
Bob,37,Rabat
Tarik,35,Meknes
Yahya,73,Rabat
Issam,50,Marrakech
Mounir,69,El Jadida
Cedric,67,Marrakech
Maryam,18,Meknes
Abdel,39,Marrakech
Sabrina,36,Fes
Hanae,23,El Jadida
Adam,70,Rabat
Lina,56,Meknes
Tarik,78,Rabat
Maryam,43,Fes
Idriss,74,Marrakech
Rayane,17,Agadir
Mehdi,42,Safi
Mohamed,80,Oujda
Abdel,30,Beni Mellal
Carol,54,Beni Mellal
Yahya,24,Safi
Adam,43,Sale
Yahya,24,Rabat
Salwa,42,El Jadida
Yahya,15,Tetouan
Douae,39,Tangier
Elodie,52,Meknes
Yahya,54,Sale
Bob,61,El Jadida
Douae,52,Agadir
Lina,47,Fes
Nadia,45,Meknes
Reda,19,Tangier
Maryam,44,Nador
Hamza,59,Casablanca
Sabrina,62,Beni Mellal
Reda,74,El Jadida
Aya,19,Casablanca
Bilal,15,Kenitra
Carol,37,Sale
Jawad,16,Kenitra
Hanae,24,Nador
Yassine,62,Kenitra
Karim,35,Meknes
Elodie,53,Marrakech
Maryam,61,Nador
Amal,20,Beni Mellal
Loubna,34,Sale
Tarik,73,Agadir
Zineb,49,Tangier
Meryem,51,Safi
Meryem,51,Agadir
Karim,44,Tangier
Youssef,45,Casablanca
Houda,35,Kenitra
Tarik,47,Tangier
Douae,33,Meknes
Reda,38,Oujda
Meryem,80,Safi
Douae,31,Oujda
Mounir,24,Oujda
Youssef,52,Safi
Amine,31,Casablanca
Bilal,20,Oujda
Maryam,57,Tetouan
Cedric,41,Beni Mellal
Youssef,80,Fes
Yahya,42,Oujda
Khadija,24,Rabat
Aya,80,Kenitra
Bilal,41,Rabat
Salma,51,Meknes
Hanae,40,Safi
Jawad,80,Oujda
Yassine,30,Rabat
Carol,28,Sale
Sofia,67,Kenitra
Meryem,70,Oujda
Loubna,54,Safi
Cedric,74,Agadir
Tarik,19,Oujda
Houda,80,Sale
Youssef,25,Marrakech
Karim,26,Casablanca
Salma,30,Beni Mellal
Rachid,44,Rabat
Bob,22,Beni Mellal
Aya,71,Oujda
Elodie,77,Kenitra
Yahya,40,Beni Mellal
Amine,69,Tangier
Zineb,33,Nador
Elodie,16,Oujda
Mounir,79,Casablanca
Sofia,36,Tetouan
Tarik,48,Tetouan
Anas,63,Rabat
Amine,76,Safi
Yassine,19,Oujda
Carol,46,Casablanca
Omar,23,Safi
Fatima,63,Fes
Salwa,75,Beni Mellal
Youssef,24,Agadir
Sabrina,49,Rabat
Ayoub,70,Kenitra
Amine,43,Agadir
Cedric,59,Tetouan
Abdel,15,Nador
Amal,71,Oujda
Amal,76,Kenitra
Mehdi,41,El Jadida
Anas,48,Kenitra
Imane,16,Kenitra
Mohamed,27,Kenitra
Amal,56,Agadir
Mohamed,53,Oujda
Yasmina,46,Casablanca
Reda,24,Agadir
Fatima,34,Sale
Houda,69,Marrakech
Zakaria,39,Oujda
Ayoub,64,Marrakech
Anas,56,Meknes
Sabrina,34,Fes
Jawad,35,Tangier
Youssef,22,Fes
Aya,18,Meknes
Elodie,16,Agadir
Aya,52,Oujda
Maryam,24,Oujda
Jawad,70,Rabat
Mounir,75,El Jadida
Lina,68,Nador
Imane,39,Beni Mellal
Ayoub,62,Rabat
Mohamed,65,El Jadida
Cedric,19,Rabat
Adam,77,Safi
Hanae,64,Fes
Meryem,41,Rabat
Jawad,72,Tangier
Fatima,22,Agadir
Nadia,36,Fes
Yasmina,60,Meknes
Mounir,28,Sale
Zineb,20,Meknes
Imane,70,Safi
Houda,44,Marrakech
Bob,47,Nador
Maryam,62,Rabat
Yassine,55,Agadir
Bilal,43,Tangier
Yassine,66,Tetouan
Amal,44,Agadir
Idriss,34,Fes
Ayoub,70,Safi
Sara,46,Tetouan
Bob,45,Kenitra
Rayane,42,Agadir
Maryam,21,Tetouan
Amine,67,Tetouan
Hamza,28,Marrakech
Ayoub,69,Safi
Khadija,71,Meknes
Amal,52,Fes
Adam,16,Rabat
Bilal,23,Tetouan
Rachid,36,Oujda
Mounir,43,Rabat
Jawad,34,Casablanca
Youssef,19,Sale
Elodie,24,Tetouan
Widad,28,Marrakech
Karim,15,Casablanca
Sabrina,75,Tetouan
Adam,36,Nador
Rachid,17,Fes
Anas,61,Beni Mellal
Sabrina,42,Tangier
Adam,61,Safi
Douae,16,Kenitra
Issam,21,Safi
Sofia,62,Agadir
Meryem,49,El Jadida
Youssef,40,Marrakech
Mohamed,28,Agadir
Sofia,26,Marrakech
Salma,61,Oujda
Sofia,67,Fes
Amal,16,Sale
Mehdi,46,Tangier
Karim,41,Beni Mellal
Yassine,26,El Jadida
Widad,61,Tetouan
Yassine,42,Tangier
Amine,28,Meknes
Jawad,35,Oujda
Youssef,62,Tangier
Yasmina,58,Meknes
Anas,25,Meknes
Idriss,75,Sale
Amal,52,Casablanca
Karim,65,Beni Mellal
Rachid,27,Casablanca
Noura,66,Tangier
Aya,67,Meknes
Meryem,18,Kenitra
Bob,72,Sale
Mounir,22,Safi
Elodie,56,Safi
Mohamed,27,Casablanca
Mounir,42,Safi
Yahya,65,El Jadida
Yassine,31,Agadir
Zineb,60,Marrakech
Nadia,47,Beni Mellal
Carol,27,El Jadida
Bob,49,Marrakech
Amal,40,Casablanca
Cedric,28,Agadir
Imane,37,Rabat
Salma,47,Beni Mellal
Elodie,19,Fes
Bilal,52,Casablanca
Houda,33,Safi
Rachid,61,Rabat
Reda,34,Tetouan
Abdel,76,Agadir
Ayoub,55,Tetouan
Yahya,69,Casablanca
Zakaria,78,Kenitra
Rayane,27,Nador
Karim,20,Oujda
Omar,28,Agadir
Amine,38,Tetouan
Jawad,54,Oujda
Karim,50,Sale
Loubna,38,Nador
Widad,45,Agadir
Bilal,39,Nador
Zineb,19,Oujda
Adam,78,Tetouan
Houda,18,Marrakech
Loubna,71,Tetouan
Cedric,47,Marrakech
Nadia,31,Kenitra
Widad,17,Casablanca
Maryam,55,Meknes
Adam,71,Tetouan
Yasmina,52,Sale
Mounir,55,Sale
Zineb,66,Rabat
Khadija,29,Agadir
Alice,40,Kenitra
Rachid,43,Sale
Carol,74,Nador
Abdel,55,Oujda
Widad,72,Meknes
Jawad,75,Agadir
Cedric,79,Marrakech
Alice,67,Tangier
Lina,39,Oujda
Douae,57,Sale
Sabrina,17,Casablanca
Khadija,68,Tetouan
Aya,32,Rabat
Noura,35,Beni Mellal
Zakaria,70,Beni Mellal
Mounir,59,Safi
Rayane,46,El Jadida
Bilal,28,Oujda
Karim,15,Kenitra
Carol,66,Casablanca
Idriss,24,Oujda
Khadija,72,Kenitra
Mehdi,58,Casablanca
Yasmina,38,Tetouan
Anas,39,Sale
Fatima,33,Beni Mellal
Tarik,71,Sale
Mounir,48,Rabat
Jawad,31,El Jadida
Hanae,71,El Jadida
Carol,44,Tangier
Fatima,25,Rabat
Amal,52,Beni Mellal
Lina,36,Casablanca
Yasmina,62,Marrakech
Mehdi,43,El Jadida
Amine,26,Sale
Mohamed,47,Nador
Rayane,76,Tetouan
Sara,35,Tetouan
Meryem,41,El Jadida
Salma,55,Nador
Khadija,24,Oujda
Mounir,42,Sale
Cedric,27,Tangier
Yasmina,69,Safi
Carol,58,El Jadida
Alice,29,Sale
Sara,42,Beni Mellal
Tarik,63,Oujda
Mounir,56,Oujda
Adam,55,Nador
Nadia,43,Marrakech
Nadia,16,Meknes
Noura,18,Safi
Alice,59,Meknes
Maryam,61,Marrakech
Loubna,17,Tetouan
Abdel,62,Rabat
Fatima,25,Oujda
Sabrina,56,Fes
Elodie,15,Safi
Yassine,56,Kenitra
Noura,46,Fes
Yasmina,70,Tetouan
Mounir,42,Rabat
Yahya,20,Safi
Mohamed,24,Casablanca
Rachid,58,Kenitra
Noura,50,Nador
Meryem,20,Meknes
Douae,31,Fes
Ayoub,55,Casablanca
Sabrina,51,Casablanca
Zakaria,68,Oujda
Bilal,27,Rabat
Bob,34,Meknes
Bob,28,Marrakech
Houda,35,Tangier
Lina,71,Fes
Nadia,72,Marrakech
Yasmina,70,Fes
Fatima,65,Tetouan
Salma,56,El Jadida
Omar,78,Tangier
Amal,75,Meknes
Abdel,44,Agadir
Rayane,52,Oujda
Noura,62,Nador
Mehdi,44,Beni Mellal
Douae,50,Safi
Amal,63,Sale
Yahya,18,Beni Mellal
Jawad,52,Agadir
Noura,66,Sale
Aya,74,Oujda
Tarik,64,Fes
Rachid,52,Fes
Ayoub,69,Meknes
Loubna,21,Marrakech
Mounir,76,Meknes
Yasmina,36,Marrakech
Carol,42,Oujda
Jawad,65,Nador
Lina,78,Nador
Bob,67,Safi
Amine,20,El Jadida
Mohamed,57,Sale
Tarik,65,Beni Mellal
Adam,68,Nador
Lina,19,Beni Mellal
Jawad,36,Tetouan
Fatima,76,Agadir
Noura,44,Tangier
Alice,61,Beni Mellal
Mounir,67,Tetouan
Mounir,71,Casablanca
Salwa,34,Casablanca
Imane,72,Meknes
Reda,22,Kenitra
Omar,60,Tetouan
Karim,46,Sale
Douae,48,Tetouan
Hamza,74,El Jadida
Zineb,79,Tetouan
Zineb,57,Beni Mellal
Zakaria,17,Beni Mellal
Lina,70,Beni Mellal
Ayoub,70,Safi
Sabrina,51,Tangier
Lina,49,El Jadida
Loubna,45,Safi
Ayoub,60,Oujda
Imane,55,Meknes
Cedric,33,Beni Mellal
Khadija,28,Meknes
Lina,78,Oujda
Adam,73,Marrakech
Reda,64,El Jadida
Mohamed,43,Tetouan
Yahya,78,Beni Mellal
Khadija,72,Fes
Bob,44,Tangier
Ayoub,44,Beni Mellal
Amal,44,Agadir
Bilal,40,Kenitra
Elodie,62,Tetouan
Houda,54,Kenitra
Salma,16,Tetouan
Meryem,32,Sale
Douae,30,Oujda
Reda,38,Tetouan
Zineb,68,Agadir
Amine,23,Safi
Abdel,46,Tangier
Anas,57,Agadir
Mohamed,75,Fes
Imane,59,Sale
Elodie,46,Fes
Lina,75,El Jadida
Meryem,33,Rabat
Hanae,79,Oujda
Bilal,21,Marrakech
Issam,38,Kenitra
Rachid,42,Kenitra
Ayoub,57,Marrakech
Youssef,79,Fes
Mehdi,22,Fes
Lina,55,Kenitra
Tarik,55,Nador
Imane,77,Nador
Tarik,69,El Jadida
Amine,16,Tangier
Karim,53,Kenitra
Adam,71,Kenitra
Issam,23,Oujda
Fatima,20,El Jadida
Salma,35,Beni Mellal
Aya,52,Rabat
Widad,42,Fes
Mohamed,24,Tangier
Nadia,47,Agadir
Yasmina,55,Kenitra
Zakaria,37,Tetouan
Sofia,64,Fes
Widad,70,Oujda
Hanae,54,Tangier
Karim,42,Kenitra
Carol,17,Tetouan
Cedric,18,Oujda
Yasmina,62,Tetouan
Fatima,57,Agadir
Youssef,24,Fes
Rachid,21,Tangier
Yasmina,41,Safi
Nadia,56,Kenitra
Salwa,57,Sale
Yahya,18,El Jadida
Ayoub,38,Sale
Sabrina,26,Agadir
Hanae,61,Kenitra
Zineb,19,Tetouan
Alice,47,Marrakech
Sabrina,65,Sale
Ayoub,57,Tangier
Cedric,56,Casablanca
Hanae,70,Agadir
Youssef,43,Agadir
Salwa,63,Sale
Hanae,30,Meknes
Amal,22,Beni Mellal
Douae,39,Fes
Cedric,37,Meknes
Fatima,28,Marrakech
Houda,52,Nador
Bob,18,Agadir
Karim,75,Sale
Amal,25,Fes
Carol,61,Meknes
Rachid,67,Meknes
Yahya,29,Oujda
Abdel,31,Tetouan
Amal,79,Meknes
Omar,80,Meknes
Bilal,57,Tetouan
Anas,55,El Jadida
Salwa,48,Sale
Anas,46,Meknes
Amine,15,Beni Mellal
Sofia,71,Tetouan
Omar,69,Kenitra
Elodie,28,Beni Mellal
Ayoub,57,Meknes
Hamza,35,Marrakech
Fatima,28,Nador
Idriss,16,Tangier
Bilal,66,Marrakech
Maryam,55,Meknes
Sofia,58,Safi
Yahya,30,Oujda
Bilal,20,Marrakech
Sofia,80,Rabat
Zakaria,60,Agadir
Mohamed,41,Beni Mellal
Salwa,35,Rabat
Reda,24,Meknes
Rayane,23,Beni Mellal
Yassine,77,Marrakech
Amine,61,Oujda
Anas,38,Kenitra
Salma,77,Agadir
Sara,50,Oujda
Cedric,48,Oujda
Meryem,61,Meknes
Youssef,17,Fes
Omar,73,Meknes
Omar,16,Tangier
Houda,51,Marrakech
Salma,29,Rabat
Alice,18,Meknes
Cedric,45,Fes
Ayoub,42,Agadir
Amine,43,Safi
Sabrina,58,Tetouan
Sara,56,Agadir
Yasmina,41,Nador
Amal,45,El Jadida
Douae,25,Fes
Carol,67,Fes
Imane,70,Meknes
Sara,77,Agadir
Douae,67,Oujda
Elodie,26,Tetouan
Yahya,50,Agadir
Salwa,25,Fes
Loubna,39,Nador
Yasmina,53,El Jadida
Salma,35,Kenitra
Yassine,19,Meknes
Elodie,71,Tetouan
Carol,32,Kenitra
Houda,71,Sale
Mehdi,26,El Jadida
Mehdi,60,Oujda
Anas,66,Nador
Lina,39,Casablanca
Cedric,26,Agadir
Aya,56,Meknes
Aya,71,Tetouan
Loubna,43,Sale
Sabrina,80,Meknes
Alice,72,Meknes
Loubna,20,Meknes
Yasmina,59,Rabat
Youssef,46,Nador
Noura,79,Tangier
Yasmina,22,Sale
Imane,15,Sale
Mehdi,52,Tetouan
Zineb,78,Casablanca
Youssef,36,Safi
Omar,31,Sale
Douae,31,Nador
Mohamed,48,Meknes
Amal,35,Tangier
Hamza,42,Rabat
Lina,73,El Jadida
Omar,27,Meknes
Bob,57,Beni Mellal
Mohamed,70,Meknes
Sofia,50,Marrakech
Imane,54,Fes
Houda,77,Oujda
Nadia,59,Safi
Reda,16,Tetouan
Maryam,52,Sale
Khadija,77,Rabat
Mounir,77,Marrakech
Rachid,77,Marrakech
Maryam,20,Kenitra
Amal,32,Agadir
Noura,16,Beni Mellal
Khadija,43,Sale
Rachid,66,Tangier
Douae,26,Oujda
Fatima,47,Rabat
Zakaria,55,Marrakech
Imane,46,Nador
Khadija,22,Kenitra
Carol,24,Tetouan
Hamza,17,El Jadida
Sofia,47,Agadir
Zineb,16,Beni Mellal
Sofia,32,Rabat
Cedric,16,Rabat
Yasmina,54,Safi
Loubna,16,Agadir
Sabrina,60,Tangier
Mounir,43,Safi
Mounir,42,Nador
Lina,22,Meknes
Youssef,76,Safi
Sofia,33,Sale
Abdel,67,Tangier
Khadija,20,Fes
Yahya,35,Agadir
Zakaria,48,Tangier
Widad,27,Marrakech
Mehdi,32,Fes
Lina,22,Casablanca
Reda,68,Tetouan
Sara,32,Rabat
Jawad,74,Marrakech
Maryam,17,Meknes
Sara,18,Oujda
Cedric,66,Tetouan
Fatima,53,Marrakech
Zineb,67,Nador
Rayane,51,Nador
Khadija,73,Tetouan
Maryam,31,Rabat
Sofia,27,Beni Mellal
Loubna,20,El Jadida
Nadia,20,Agadir
Lina,35,Tangier
Nadia,63,Marrakech
Ayoub,29,Tangier
Zakaria,31,Kenitra
Yahya,33,Casablanca
Bilal,61,Sale
Nadia,60,Casablanca
Idriss,15,Safi
Rachid,45,Nador
Salma,21,Sale
Hanae,75,Tangier
Amal,78,Tangier
Idriss,26,El Jadida
Abdel,32,Tetouan
Mehdi,59,Beni Mellal
Sofia,60,Nador
Sabrina,26,Fes
Omar,80,Fes
Rayane,77,Meknes
Bilal,18,Oujda
Salma,57,Marrakech
Issam,77,Meknes
Bob,29,Meknes
Tarik,32,Tangier
Ayoub,41,Agadir
Adam,30,Fes
Hanae,49,Safi
Cedric,34,Nador
Karim,60,Nador
Omar,37,Casablanca
Khadija,64,Marrakech
Tarik,51,Tetouan
Salwa,41,Sale
Yasmina,53,Agadir
Amine,42,Nador
Jawad,28,Kenitra
Cedric,16,Sale
Sabrina,73,Tangier
Aya,32,Fes
Nadia,45,Oujda
Maryam,76,Nador
Karim,39,Tangier
Maryam,37,El Jadida
Hanae,69,El Jadida
Reda,23,Beni Mellal
Zineb,41,Nador
Alice,46,Tangier
Zineb,23,Meknes
Karim,29,El Jadida
Reda,19,Meknes
Anas,37,Beni Mellal
Yassine,31,Tetouan
Amine,32,Casablanca
Rayane,44,El Jadida
Zakaria,26,Oujda
Loubna,37,Safi
Noura,25,El Jadida
Yassine,27,Beni Mellal
Issam,20,El Jadida
Amine,80,Rabat
Yasmina,68,Meknes
Amine,49,Tangier
Ayoub,23,Nador
Imane,64,Rabat
Jawad,56,Casablanca
Reda,54,Beni Mellal
Omar,43,Nador
Omar,16,Nador
Maryam,68,Rabat
Sabrina,61,Rabat
Jawad,15,Oujda
Ayoub,62,Tetouan
Noura,25,Tetouan
Amal,80,Oujda
Loubna,34,Agadir
Amal,56,Kenitra
Cedric,25,Tangier
Loubna,46,Kenitra
Anas,51,Safi
Lina,25,Sale
Zineb,76,Agadir
Amal,44,Safi
Ayoub,77,Nador
Rayane,16,Agadir
Imane,40,Agadir
Yasmina,30,Sale
Aya,61,Rabat
Noura,80,Kenitra
Bilal,79,Tangier
Bilal,55,Rabat
Jawad,29,Casablanca
Yahya,40,Casablanca
Issam,25,El Jadida
Yasmina,70,Sale
Mohamed,52,Marrakech
Carol,52,Marrakech
Omar,54,Meknes
Carol,72,Agadir
Salwa,64,Nador
Loubna,16,Tangier
Nadia,27,Meknes
Meryem,50,El Jadida
Idriss,38,Casablanca
Rayane,73,Marrakech
Ayoub,68,Nador
Mounir,77,Agadir
Idriss,57,Agadir
Houda,53,Casablanca
Jawad,67,Fes
Tarik,41,Tetouan
Fatima,74,Rabat
Lina,45,Tetouan
Adam,73,Casablanca
Zineb,55,Oujda
Youssef,63,Sale
Hamza,26,Casablanca
Noura,16,Safi
Aya,44,Fes
Youssef,65,Tetouan
Karim,75,Safi
Houda,72,Beni Mellal
Lina,31,Beni Mellal
Yahya,48,Fes
Nadia,25,Casablanca
Rayane,22,Casablanca
Mehdi,39,El Jadida
Karim,54,Tetouan
Imane,79,Fes
Widad,57,Tangier
Issam,35,Sale
Carol,17,Beni Mellal
Imane,71,Safi
Salma,61,Tangier
Zakaria,34,Sale
Amal,39,Nador
Zakaria,21,Meknes
Adam,72,Fes
Meryem,15,Meknes
Omar,26,Nador
Noura,50,Tetouan
Mounir,26,Rabat
Mohamed,26,Marrakech
Sara,21,Oujda
Anas,77,Sale
Lina,52,Meknes
Sabrina,51,Tetouan
Aya,21,Kenitra
Fatima,43,Agadir
Karim,34,Casablanca
Yasmina,27,Sale
Jawad,58,Rabat
Loubna,29,Marrakech
Aya,20,Rabat
Meryem,57,Casablanca
Sara,19,Nador
Zakaria,40,Agadir
Alice,25,Tetouan
Imane,21,Agadir
Youssef,39,Safi
Meryem,36,Nador
Sara,42,Nador
Amine,43,Meknes
Aya,47,Fes
Khadija,46,Tangier
Maryam,63,Agadir
Salwa,18,Fes
Mounir,54,Nador
Noura,58,Casablanca
Youssef,51,Kenitra
Meryem,68,El Jadida
Rayane,63,Safi
Karim,58,Oujda
Omar,49,Tetouan
Mohamed,29,Nador
Sara,69,Sale
Fatima,73,Fes
Cedric,50,Meknes
Lina,31,Sale
Elodie,48,Safi
Loubna,47,Nador
Zakaria,64,Sale
Mounir,66,Safi
Zakaria,22,Marrakech
Hamza,43,Tangier
Zakaria,71,Fes
Alice,47,El Jadida
Lina,76,Sale
Nadia,66,Oujda
Mounir,16,Tangier
Alice,36,Rabat
Yassine,30,Casablanca
Meryem,76,Agadir
Nadia,54,Casablanca
Yahya,41,Safi
Anas,63,Marrakech
Abdel,56,Fes
Lina,79,Casablanca
Douae,48,Kenitra
Mehdi,49,Beni Mellal
Idriss,80,Safi
Salma,61,Safi
Yahya,65,Rabat
Aya,79,Nador
Douae,66,Nador
Hanae,43,Tangier
Douae,76,Casablanca
Rachid,62,Fes
Omar,58,Fes
Fatima,51,Safi
Yassine,52,Agadir
Aya,67,Tetouan
Imane,59,Sale
Elodie,37,Beni Mellal
Yahya,35,Tetouan
Houda,45,Rabat
Fatima,23,Marrakech
Bob,34,Kenitra
Yahya,33,Meknes
Lina,24,Casablanca
Houda,67,Oujda
Houda,16,Agadir
Mounir,42,Beni Mellal
Imane,48,Safi
Widad,76,Kenitra
Sara,29,Agadir
Zakaria,57,Oujda
Rachid,15,Agadir
Yasmina,43,Meknes
Widad,51,Tangier
Zineb,75,Tangier
Mohamed,50,Kenitra
Meryem,46,Meknes
Hamza,76,Casablanca
Nadia,70,Tetouan
Zineb,29,Fes
Elodie,71,Casablanca
Loubna,56,Tangier
Jawad,35,Safi
Hanae,67,Kenitra
Rachid,60,El Jadida
Yassine,77,Kenitra
Nadia,26,Fes
Bob,37,Safi
Fatima,47,Sale
Khadija,76,Rabat
Abdel,36,Oujda
Douae,69,Sale
Houda,46,Meknes
Bob,67,Oujda
Issam,77,Sale
Bilal,21,Oujda
Khadija,62,Nador
Bob,22,Casablanca
Cedric,78,Tangier
Karim,64,Rabat
Hanae,59,Fes
Sofia,79,Agadir
Lina,30,El Jadida
Khadija,16,Tangier
Karim,27,Fes
Khadija,32,Fes
Youssef,43,Fes
Yassine,80,Oujda
Salma,66,Oujda
Mehdi,77,El Jadida
Mehdi,24,Sale
Rachid,30,Marrakech
Loubna,23,Beni Mellal
Hamza,35,Nador
Rayane,15,Sale
Idriss,62,Nador
Mohamed,67,Sale
Fatima,31,Meknes
Zakaria,36,Sale
Rachid,40,Rabat
Hamza,27,Meknes
Elodie,78,Nador
Meryem,25,Beni Mellal
Salma,35,Rabat
Maryam,70,Marrakech
Salwa,20,Beni Mellal
Mounir,69,Marrakech
Imane,49,Rabat
Khadija,19,Nador
Idriss,42,Nador
Houda,61,Safi
Hanae,79,Marrakech
Noura,40,Casablanca
Abdel,59,Kenitra
Cedric,41,Tangier
Tarik,61,Agadir
Khadija,28,Oujda
Bilal,57,Kenitra
Fatima,77,Sale
Rachid,69,Nador
Alice,36,Safi
Bob,68,Tetouan
Maryam,56,El Jadida
Alice,77,Sale
Sabrina,60,Rabat
Mounir,35,Marrakech
Mohamed,55,Fes
Yassine,31,Oujda
Bilal,65,Casablanca
Mehdi,58,Casablanca
Houda,43,Kenitra
Rachid,68,Fes
Abdel,77,Tetouan
Ayoub,24,Marrakech
Tarik,25,Oujda
Salwa,63,Beni Mellal
Maryam,55,Tetouan
Tarik,48,Oujda
Salwa,49,Marrakech
Tarik,37,Casablanca
Tarik,28,Beni Mellal
Widad,52,Tangier
Rachid,67,Nador
Hanae,60,Fes
Salwa,64,Tangier
Imane,75,Marrakech
Sabrina,25,Casablanca
Omar,67,Casablanca
Maryam,74,Nador
Zineb,55,Meknes
Anas,33,Tetouan
Tarik,38,Beni Mellal
Sara,63,Kenitra
Meryem,40,Beni Mellal
Youssef,54,Nador
Salma,16,Safi
Meryem,31,Tetouan
Elodie,54,Rabat
Alice,43,Agadir
Sabrina,42,Sale
Noura,68,Rabat
Noura,49,Agadir
Issam,78,Fes
Salwa,27,Rabat
Mounir,28,Safi
Sara,17,Rabat
Omar,24,Nador
Khadija,54,Fes
Bilal,34,Sale
Maryam,50,Nador
Salwa,25,Meknes
Douae,25,Kenitra
Meryem,47,Marrakech
Mounir,47,Casablanca
Adam,29,Casablanca
Maryam,46,Agadir
Idriss,76,Agadir
Hamza,70,Oujda
Hanae,41,Oujda
Abdel,74,Oujda
Meryem,38,Agadir
Aya,80,Casablanca
Loubna,54,Casablanca
Nadia,37,Kenitra
Omar,53,Tetouan
Abdel,69,Fes
Karim,33,El Jadida
Anas,80,Tetouan
Mounir,35,Meknes
Carol,22,Safi
Adam,76,Kenitra
Jawad,66,Rabat
Mohamed,72,Oujda
Bob,49,Nador
Lina,29,Tetouan
Loubna,22,Oujda
Reda,79,Kenitra
Jawad,48,Tetouan
Maryam,45,Fes
Abdel,79,Sale
Amal,69,Tangier
Anas,71,Agadir
Cedric,32,El Jadida
Mounir,26,Beni Mellal
Rachid,33,Safi
Yahya,74,Safi
Alice,57,Rabat
Carol,44,Rabat
Khadija,47,Agadir
Sabrina,43,Meknes
Issam,69,Nador
Salwa,35,Sale
Rayane,20,Fes
Mehdi,74,El Jadida
Houda,20,El Jadida
Sofia,60,Oujda
Loubna,47,Kenitra
Noura,68,Meknes
Aya,58,Fes
Adam,21,Fes
Elodie,15,El Jadida
Mounir,63,Fes
Bob,56,Beni Mellal
Carol,50,El Jadida
Maryam,68,Safi
Zineb,55,Fes
Zineb,50,Safi
Khadija,20,Beni Mellal
Meryem,27,Casablanca
Noura,17,Tetouan
Zineb,18,Beni Mellal
Elodie,29,Nador
Bob,76,Fes
Yassine,54,Marrakech
Anas,69,Beni Mellal
Meryem,26,Casablanca
Amine,25,Casablanca
Bob,16,Kenitra
Amine,68,Nador
Loubna,65,Kenitra
Zineb,44,Kenitra
Karim,62,Tangier
Widad,43,Kenitra
Jawad,35,Sale
Alice,72,Beni Mellal
Zakaria,74,Oujda
Elodie,15,Casablanca
Alice,16,Nador
Reda,34,Casablanca
Idriss,42,Agadir
Cedric,25,Rabat
Hanae,24,Rabat
Yassine,78,Marrakech
Yassine,75,Safi
Maryam,61,El Jadida
Lina,16,Rabat
Sofia,70,Nador
Yasmina,73,Safi
Tarik,35,Agadir
Zakaria,61,Agadir
Houda,41,Casablanca
Mehdi,73,Rabat
Aya,28,Sale
Hanae,31,Beni Mellal
Rachid,49,Marrakech
Anas,55,Meknes
Alice,30,Meknes
Ayoub,67,Kenitra
Mounir,34,Oujda
Idriss,31,El Jadida
Amal,64,Oujda
Yasmina,17,Tangier
Meryem,29,El Jadida
Amal,72,El Jadida
Maryam,70,Kenitra
Cedric,48,Fes
Yasmina,33,Sale
Fatima,62,Tangier
Rachid,51,Tetouan
Idriss,59,Kenitra
Ayoub,20,Beni Mellal
Douae,19,Tangier
Bilal,46,Tangier
Amine,49,Fes
Aya,35,Fes
Yassine,46,Beni Mellal
Alice,50,Safi
Ayoub,64,Beni Mellal
Fatima,53,Casablanca
Hanae,49,Tangier
Ayoub,36,Kenitra
Hamza,68,Safi
Jawad,49,Safi
Youssef,33,Casablanca
Ayoub,21,Safi
Karim,57,Agadir
Omar,59,Marrakech
Yasmina,42,Marrakech
Abdel,80,Meknes
Elodie,65,Tangier
Yassine,74,Beni Mellal
Alice,60,Rabat
Widad,32,Tangier
Amine,55,Beni Mellal
Khadija,76,Meknes
Meryem,15,Tetouan
Nadia,69,Nador
Sofia,59,El Jadida
Maryam,29,Nador
Maryam,42,El Jadida
Yassine,71,Safi
Anas,55,Fes
Youssef,73,Agadir
Amine,46,Fes
Douae,50,Casablanca
Fatima,47,Tangier
Jawad,19,Beni Mellal
Yasmina,67,Beni Mellal
Amine,70,Oujda
Sara,54,Tangier
Imane,42,El Jadida
Yasmina,21,Safi
Nadia,74,Meknes
Douae,59,Marrakech
Salma,56,Fes
Tarik,63,Marrakech
Abdel,33,Sale
Maryam,51,Fes
Jawad,67,Marrakech
Abdel,61,Safi
Fatima,79,Meknes
Yahya,33,Marrakech
Salwa,30,Agadir
Imane,75,Kenitra
Khadija,77,Fes
Jawad,43,Rabat
Reda,16,Marrakech
Omar,34,Meknes
Meryem,72,El Jadida
Mounir,69,Meknes
Bilal,41,Rabat
Tarik,66,Sale
Jawad,35,Fes
Anas,15,Tangier
Bilal,48,Fes
Fatima,31,Tetouan
Sabrina,80,Fes
Douae,28,Sale
Yasmina,16,Sale
Cedric,26,Agadir
Nadia,17,Agadir
Fatima,54,Tangier
Maryam,55,Rabat
Bilal,15,Marrakech
Abdel,37,Casablanca
Reda,42,Safi
Cedric,56,Tetouan
Salma,51,El Jadida
Sabrina,66,Rabat
Mounir,73,Safi
Alice,73,Rabat
Sabrina,18,Beni Mellal
Sara,51,Nador
Widad,62,Tetouan
Idriss,32,Beni Mellal
Salma,21,El Jadida
Yasmina,18,Kenitra
Douae,80,Kenitra
Issam,78,Tangier
Amine,27,El Jadida
Zineb,74,Safi
Maryam,60,Marrakech
Cedric,72,Meknes
Carol,48,Nador
Loubna,24,Nador
Alice,68,Meknes
Jawad,61,Sale
Zineb,70,El Jadida
Khadija,21,Nador
Noura,26,Marrakech
Aya,49,Fes
Youssef,47,El Jadida
Ayoub,16,Kenitra
Jawad,32,Oujda
Noura,55,Kenitra
Zakaria,17,El Jadida
Sofia,66,Rabat
Nadia,62,Tangier
Rachid,80,Casablanca
Douae,31,Tetouan
Salma,40,Sale
Mehdi,52,Beni Mellal
Mounir,67,Tetouan
Sara,22,Safi
Amal,80,Agadir
Idriss,63,Oujda
Imane,44,Casablanca
Bob,78,Fes
Yahya,33,El Jadida
Ayoub,75,Tangier
Issam,79,Safi
Cedric,55,Nador
Tarik,41,Casablanca
Tarik,29,Oujda
Nadia,51,Tetouan
Lina,46,Sale
Bob,62,Oujda
Widad,56,El Jadida
Tarik,29,Agadir
Karim,31,Meknes
Khadija,55,Nador
Fatima,35,Rabat
Alice,64,Fes
Tarik,73,Meknes
Khadija,62,Oujda
Hanae,68,Agadir
Zakaria,51,El Jadida
Sara,72,Rabat
Salma,76,Fes
Cedric,42,Fes
Yassine,30,Rabat
Issam,40,Tetouan
Rayane,19,Oujda
Salwa,38,Sale
Zineb,46,El Jadida
Yahya,58,Nador
Noura,64,Fes
Alice,53,Sale
Yassine,20,Safi
Yasmina,73,Fes
Hanae,18,Fes
Elodie,20,Tetouan
Mehdi,41,Fes
Reda,42,Safi
Khadija,28,Oujda
Youssef,65,Fes
Lina,36,Meknes
Idriss,40,Sale
Elodie,44,Tetouan
Houda,34,Meknes
Loubna,61,Rabat
Jawad,63,Meknes
Rayane,37,Fes
Mehdi,63,Oujda
Amine,78,Fes
Mohamed,71,Fes
Aya,41,Meknes
Adam,35,Kenitra
Omar,38,Sale
Yasmina,80,Tetouan
Elodie,62,Marrakech
Bob,64,Sale
Tarik,35,Agadir
Douae,60,Agadir
Elodie,26,Kenitra
Alice,71,Agadir
Zineb,37,Kenitra
Anas,78,Nador
Elodie,48,Agadir
Sofia,64,Fes
Sofia,62,Fes
Meryem,27,Casablanca
Rachid,50,Oujda
Sofia,21,Kenitra
Yahya,53,Sale
Ayoub,38,Marrakech
Cedric,21,Tangier
Anas,37,Tetouan
Carol,62,Safi
Hamza,17,Oujda
Karim,76,Kenitra
Sara,33,Beni Mellal
Youssef,31,Beni Mellal
Amine,71,Meknes
Mehdi,61,Oujda
Carol,38,Fes
Khadija,22,Rabat
Anas,57,Tetouan
Ayoub,38,Fes
Amal,61,Agadir
Salma,75,Tangier
Elodie,36,Rabat
Elodie,70,Meknes
Meryem,68,Marrakech
Fatima,42,Oujda
Khadija,19,Tetouan
Maryam,15,Fes
Rayane,18,Nador
Youssef,17,Meknes
Yahya,27,Nador
Amine,39,Kenitra
Salwa,35,Beni Mellal
Abdel,29,Fes
Youssef,18,Tangier
Youssef,41,Meknes
Carol,24,Oujda
Rayane,62,Meknes
Meryem,34,Sale
Sara,72,El Jadida
Noura,74,Meknes
Ayoub,19,Tetouan
Lina,26,Agadir
Tarik,54,Marrakech
Karim,38,El Jadida
Salma,36,Beni Mellal
Jawad,35,Tetouan
Reda,16,Nador
Carol,49,Tangier
Sofia,69,Marrakech
Jawad,44,Agadir
Youssef,29,Meknes
Sara,27,Beni Mellal
Loubna,60,Oujda
Loubna,47,Kenitra
Fatima,20,Fes
Idriss,48,Beni Mellal
Zakaria,30,Kenitra
Nadia,80,Nador
Rayane,69,Kenitra
Khadija,64,Fes
Lina,61,Rabat
Yasmina,30,Marrakech
Tarik,25,Rabat
Sabrina,80,Tetouan
Idriss,63,Tangier
Adam,75,Agadir
Omar,28,Meknes
Sara,23,Oujda
Loubna,71,Oujda
Idriss,61,Fes
Houda,60,Beni Mellal
Loubna,48,Safi
Lina,45,El Jadida
Hamza,73,Fes
Widad,66,Oujda
Sabrina,66,Oujda
Adam,17,Nador
Sara,19,Kenitra
Carol,33,Kenitra
Sabrina,68,Fes
Ayoub,22,Agadir
Issam,48,Meknes
Yasmina,51,Oujda
Zakaria,79,Agadir
Amine,73,Meknes
Cedric,32,Fes
Sabrina,75,Marrakech
Elodie,20,Tetouan
Houda,38,Tetouan
Maryam,69,Oujda
Nadia,42,Tetouan
Aya,37,Safi
Ayoub,18,Meknes
Sabrina,34,Oujda
Alice,54,Casablanca
Houda,49,Rabat
Nadia,19,Casablanca
Hamza,15,Nador
Imane,75,Casablanca
Hanae,36,Rabat
Yasmina,31,Safi
Alice,49,Kenitra
Hanae,21,Kenitra
Tarik,20,Oujda
Youssef,80,Tetouan
Jawad,78,Tangier
Reda,80,El Jadida
Houda,27,Safi
Nadia,80,Agadir
Issam,27,Agadir
Zakaria,21,Sale
Fatima,33,Casablanca
Aya,15,Marrakech
Aya,58,Agadir
Sofia,58,Beni Mellal
Abdel,25,Casablanca
Anas,44,Beni Mellal
Tarik,26,Meknes
Imane,29,Casablanca
Elodie,67,Kenitra
Rachid,17,Nador
Omar,69,Beni Mellal
Aya,76,Sale
Amine,38,Beni Mellal
Rayane,23,Fes
Maryam,68,Tangier
Issam,42,El Jadida
Rayane,47,Safi
Aya,27,Nador
Rayane,70,Marrakech
Elodie,48,Oujda
Tarik,37,Tetouan
Salwa,49,El Jadida
Elodie,35,Oujda
Karim,61,Marrakech
Elodie,25,Casablanca
Elodie,73,Agadir
Salwa,29,Fes
Amal,64,Kenitra
Khadija,56,Tetouan
Sara,20,Marrakech
Sofia,54,El Jadida
Zakaria,70,Safi
Amal,74,Meknes
Bilal,66,Marrakech
Reda,21,Safi
Yasmina,47,Casablanca
Jawad,41,Beni Mellal
Yasmina,45,Meknes
Jawad,70,Kenitra
Youssef,38,Nador
Mehdi,75,Oujda
Fatima,58,Marrakech
Hamza,31,Meknes
Anas,33,Beni Mellal
Omar,69,Agadir
Anas,22,Tetouan
Issam,48,Rabat
Reda,30,Sale
Fatima,78,Marrakech
Tarik,73,Casablanca
Mehdi,57,Kenitra
Maryam,47,El Jadida
Loubna,45,Agadir
Yasmina,43,Oujda
Zakaria,53,Marrakech
Cedric,52,Tetouan
Jawad,52,Safi
Yahya,35,El Jadida
Meryem,53,Sale
Tarik,80,Sale
Elodie,59,Fes
Karim,19,Tetouan
Houda,60,Fes
Amine,41,Tetouan
Nadia,21,Marrakech
Ayoub,73,Tetouan
Tarik,26,Agadir
Aya,61,Meknes
Anas,32,Fes
Yasmina,58,Nador
Mehdi,36,Tangier
Meryem,60,Safi
Loubna,42,Tangier
Aya,48,Nador
Imane,33,Rabat
Sara,62,Oujda
Hanae,70,Sale
Bob,79,El Jadida
Imane,46,Beni Mellal
Youssef,16,El Jadida
Imane,66,Casablanca
Idriss,40,Marrakech
Rachid,45,Agadir
Karim,16,Tangier
Rachid,19,Tetouan
Salwa,28,Agadir
Rachid,26,Kenitra
Fatima,73,El Jadida
Nadia,25,Fes
Mohamed,45,Oujda
Hanae,68,Fes
Amal,28,Sale
Widad,72,Nador
Sara,76,Oujda
Abdel,46,El Jadida
Nadia,73,Nador
Rachid,64,Meknes
Salwa,75,El Jadida
Anas,25,Nador
Nadia,28,Oujda
Zakaria,48,Casablanca
Mehdi,49,Oujda
Sara,44,El Jadida
Yahya,61,Meknes
Salwa,18,Oujda
Imane,36,Agadir
Alice,80,Meknes
Idriss,48,Sale
Yahya,31,Nador
Salwa,44,Casablanca
Widad,56,Tetouan
Yasmina,38,Agadir
Salma,55,Beni Mellal
Noura,24,Agadir
Youssef,29,Casablanca
Sabrina,15,Nador
Reda,79,El Jadida
Aya,28,Oujda
Sabrina,35,Beni Mellal
Imane,32,Oujda
Adam,50,Casablanca
Abdel,20,Marrakech
Yasmina,72,Sale
Abdel,17,Sale
Houda,42,El Jadida
Jawad,39,Meknes
Yasmina,79,Oujda
Alice,75,Tangier
Mehdi,38,Agadir
Houda,63,Casablanca
Idriss,78,Fes
Amal,31,Kenitra
Idriss,31,Rabat
Cedric,33,Rabat
Mehdi,68,Beni Mellal
Fatima,17,Safi
Adam,21,Beni Mellal
Zakaria,55,Meknes
Alice,37,Tetouan
Salwa,56,Safi
Mohamed,28,Rabat
Mohamed,39,Marrakech
Lina,64,Rabat
Anas,42,Marrakech
Fatima,61,Sale
Omar,69,Marrakech
Salwa,19,Meknes
Sofia,21,Tetouan
Omar,61,Fes
Youssef,60,Nador
Cedric,74,Tetouan
Maryam,35,Marrakech
Elodie,50,Agadir
Loubna,65,Meknes
Sofia,20,Sale
Widad,53,Nador
Noura,73,Tangier
Salwa,15,Kenitra
Maryam,17,Marrakech
Mounir,50,Tetouan
Zakaria,34,Casablanca
Anas,34,Tangier
Aya,63,Fes
Sofia,22,Meknes
Mohamed,59,Meknes
Bob,80,Casablanca
Sabrina,34,Marrakech
Idriss,47,El Jadida
Rayane,44,Nador
Youssef,80,Meknes
Cedric,47,Casablanca
Hanae,24,Tangier
Salma,38,Safi
Khadija,36,El Jadida
Salwa,77,Safi
Hamza,72,Meknes
Anas,40,Casablanca
Sara,51,Oujda
Salwa,34,El Jadida
Salma,72,El Jadida
Reda,43,Safi
Omar,58,Tetouan
Anas,71,Kenitra
Widad,66,Tetouan
Salma,66,Beni Mellal
Anas,75,Kenitra
Bob,25,Kenitra
Amine,67,Kenitra
Salma,73,Beni Mellal
Issam,32,El Jadida
Mohamed,15,Tangier
Yahya,52,Nador
Omar,41,Meknes
Rachid,77,Casablanca
Hanae,44,Tetouan
Rayane,70,Safi
Anas,32,Fes
Anas,28,Sale
Anas,17,Tetouan
Rachid,72,Safi
Bilal,49,Kenitra
Bilal,25,Safi
Rachid,36,Oujda
Youssef,26,Tangier
Salma,73,Oujda
Tarik,66,Fes
Cedric,70,Casablanca
Rachid,46,Casablanca
Yassine,40,Safi
Issam,57,Tangier
Salma,77,Kenitra
Mounir,46,Agadir
Idriss,22,Meknes
Jawad,31,Tangier
Amine,28,Marrakech
Loubna,16,Meknes
Mounir,62,Oujda
Imane,27,Casablanca
Zakaria,49,Casablanca
Amine,29,Safi
Cedric,40,Sale
Bilal,70,Oujda
Cedric,64,Agadir
Issam,23,Sale
Youssef,23,Kenitra
Salwa,53,Meknes
Yahya,54,Fes
Yassine,32,Nador
Anas,77,Safi
Mounir,65,Beni Mellal
Maryam,72,Nador
Aya,73,El Jadida
Jawad,73,Fes
Loubna,74,Meknes
Yahya,62,Kenitra
Noura,29,Casablanca
Idriss,28,Beni Mellal
Meryem,57,Tetouan
Idriss,48,Marrakech
Meryem,42,Nador
Yassine,45,Beni Mellal
Houda,40,Oujda
Issam,53,Oujda
Zakaria,60,Sale
Douae,19,Sale
Youssef,51,Kenitra
Zineb,59,Sale
Bilal,20,Kenitra
Alice,57,Oujda
Anas,18,Fes
Meryem,21,Tangier
Aya,40,Agadir
Karim,45,Fes
Adam,68,Tetouan
Abdel,61,Tangier
Hamza,70,Kenitra
Douae,39,Beni Mellal
Amine,43,Safi
Khadija,66,Fes
Idriss,43,Sale
Bob,48,Tangier
Loubna,79,Kenitra
Hamza,43,Sale
Anas,65,Marrakech
Nadia,79,El Jadida
Youssef,72,Fes
Bob,66,El Jadida
Mohamed,39,Sale
Idriss,27,Sale
Zakaria,36,Tetouan
Carol,73,Casablanca
Reda,35,Meknes
Fatima,77,Sale
Yahya,16,Agadir
Douae,57,Tetouan
Loubna,38,Agadir
Ayoub,20,Nador
Alice,40,Tetouan
Douae,40,Rabat
Jawad,44,Safi
Yahya,47,Marrakech
Youssef,29,Nador
Carol,54,Tetouan
Tarik,78,Nador
Mohamed,21,Safi
Maryam,63,Sale
Youssef,50,El Jadida
Nadia,69,Oujda
Amal,17,Tangier
Lina,61,Nador
Khadija,33,Tangier
Yahya,15,Tangier
Imane,70,Agadir
Zakaria,69,Safi
Hanae,38,Marrakech
Cedric,38,Meknes
Douae,48,Tetouan
Maryam,65,Nador
Sabrina,61,Sale
Loubna,38,Rabat
Rayane,60,Nador
Zakaria,39,Sale
Maryam,62,Marrakech
Hamza,22,Nador
Karim,37,Sale
Youssef,43,Tangier
Omar,63,Sale
Mehdi,45,Rabat
Imane,65,Tangier
Reda,79,Meknes
Jawad,42,Tangier
Hamza,37,Rabat
Loubna,18,Beni Mellal
Houda,51,Tetouan
Nadia,58,Fes
Meryem,21,Agadir
Mehdi,73,Meknes
Mehdi,65,Tetouan
Mounir,27,Oujda
Bilal,44,Tetouan
Khadija,68,Sale
Issam,40,Sale
Maryam,19,Casablanca
Amine,27,Fes
Aya,58,Rabat
Bob,79,El Jadida
Abdel,50,Tetouan
Sara,42,Marrakech
Bob,58,Tetouan
Jawad,62,Rabat
Yahya,27,Tetouan
Lina,33,Safi
Douae,44,Meknes
Yasmina,37,Casablanca
Maryam,54,Sale
Ayoub,60,Marrakech
Houda,46,Oujda
Maryam,72,Nador
Sabrina,19,Fes
Sofia,63,Sale
Youssef,51,Fes
Loubna,58,Casablanca
Hanae,23,Fes
Idriss,22,Kenitra
Salwa,24,Rabat
Sofia,60,El Jadida
Maryam,25,Beni Mellal
Salwa,41,Oujda
Yahya,49,Meknes
Bilal,42,Oujda
Adam,34,Sale
Tarik,55,Safi
Yasmina,50,Beni Mellal
Bilal,21,Kenitra
Meryem,17,Fes
Yasmina,72,Safi
Zakaria,36,Fes
Noura,29,Kenitra
Meryem,50,Rabat
Omar,77,Marrakech
Amal,21,Sale
Rachid,20,El Jadida
Widad,80,Tangier
Maryam,77,Rabat
Loubna,62,Casablanca
Maryam,66,Fes
Loubna,31,Tetouan
Amine,77,Marrakech
Jawad,65,Casablanca
Fatima,67,Marrakech
Sofia,51,Kenitra
Abdel,80,Casablanca
Jawad,54,Beni Mellal
Tarik,70,Nador
Nadia,36,Fes
Hamza,62,Tangier
Salwa,37,Safi
Hanae,31,Sale
Aya,23,Rabat
Sofia,35,Meknes
Meryem,61,Rabat
Houda,66,Fes
Tarik,18,Sale
Carol,51,Rabat
Maryam,35,Fes
Issam,38,Tetouan
Amal,55,Casablanca
Tarik,54,Agadir
Karim,70,Meknes
Douae,37,El Jadida
Jawad,29,Meknes
Sofia,67,Rabat
Bilal,64,Kenitra
Cedric,60,Sale
Issam,47,Safi
Amine,40,Beni Mellal
Imane,62,Safi
Mounir,75,Sale
Anas,28,Marrakech
Meryem,25,Beni Mellal
Sara,57,Sale
Ayoub,27,Fes
Ayoub,66,Tangier
Salma,20,Tetouan
Sara,63,Nador
Lina,66,Marrakech
Mohamed,63,Agadir
Adam,54,Tetouan
Youssef,37,Meknes
Noura,38,Kenitra
Bob,76,Tetouan
Reda,73,Casablanca
Cedric,73,Meknes
Houda,59,Tetouan
Idriss,17,Tetouan
Khadija,43,Rabat
Issam,74,Agadir
Alice,21,Agadir
Aya,63,Casablanca
Sara,68,El Jadida
Bob,35,Agadir
Yahya,30,Rabat
Alice,47,El Jadida
Ayoub,42,Nador
Abdel,28,Casablanca
Jawad,76,Kenitra
Cedric,73,Nador
Fatima,68,Agadir
Khadija,15,El Jadida
Khadija,23,Rabat
Alice,72,Marrakech
Houda,42,Fes
Mehdi,47,El Jadida
Aya,26,Beni Mellal
Karim,74,Tangier
Salwa,28,Nador
Lina,56,El Jadida
Yassine,22,Nador
Yahya,73,Tangier
Cedric,64,Oujda
Zineb,69,Fes
Amal,73,Kenitra
Abdel,38,Safi
Bilal,59,Agadir
Meryem,47,Sale
Cedric,69,Nador
Cedric,57,El Jadida
Yahya,68,Tangier
Adam,49,Safi
Khadija,49,Tangier
Loubna,29,Safi
Amine,26,Fes
Amine,54,Casablanca
Sabrina,62,El Jadida
Omar,60,Beni Mellal
Lina,62,Tetouan
Mehdi,77,Casablanca
Noura,15,Marrakech
Idriss,40,Casablanca
Loubna,39,Fes
Abdel,57,El Jadida
Salma,68,Agadir
Bilal,27,Meknes
Lina,41,Oujda
Douae,16,Nador
Sabrina,69,Marrakech
Tarik,79,El Jadida
Omar,78,Kenitra
Yassine,33,Oujda
Sofia,24,Safi
Adam,61,Oujda
Mohamed,24,Marrakech
Alice,71,Nador
Aya,59,Kenitra
Karim,70,Kenitra
Jawad,59,Beni Mellal
Khadija,46,Kenitra
Ayoub,35,Fes
Tarik,60,Sale
Anas,67,Tangier
Salma,18,Casablanca
Salwa,16,Sale
Cedric,30,Nador
Jawad,76,Beni Mellal
Salma,18,Meknes
Anas,67,Marrakech
Alice,55,Tetouan
Hamza,45,Tetouan
Hamza,44,Fes
Jawad,22,Agadir
Rayane,63,Casablanca
Zineb,31,Tetouan
Aya,66,El Jadida
Jawad,72,Agadir
Omar,35,Kenitra
Amine,56,Oujda
Youssef,33,Nador
Tarik,31,Rabat
Yahya,15,Kenitra
Lina,34,Kenitra
Imane,23,Rabat
Idriss,45,Rabat
Douae,75,Safi
Amal,65,Casablanca
Karim,25,Safi
Khadija,23,Rabat
Fatima,58,El Jadida
Fatima,66,El Jadida
Tarik,71,Tangier
Ayoub,42,Oujda
Alice,23,Tangier
Salma,52,Safi
Karim,59,El Jadida
Adam,58,Sale
Yassine,39,Tangier
Ayoub,30,Marrakech
Idriss,64,Nador
Houda,31,Tetouan
Meryem,26,Fes
Karim,73,Tetouan
Amal,17,Tangier
Tarik,60,Tetouan
Mounir,18,Kenitra
Elodie,72,Agadir
Imane,65,Casablanca
Omar,58,Agadir
Karim,57,Tetouan
Rayane,45,Tetouan
Lina,52,Nador
Jawad,48,Fes
Maryam,80,Safi
Salma,57,Tetouan
Nadia,75,Sale
Loubna,40,Rabat
Mounir,43,Nador
Maryam,25,Tangier
Sofia,57,Tangier
Douae,80,Oujda
Alice,36,Kenitra
Jawad,26,Marrakech
Issam,58,Kenitra
Mehdi,53,Nador
Bilal,17,Marrakech
Rayane,73,Safi
Meryem,44,Oujda
Maryam,72,Casablanca
Issam,78,Fes
Rayane,30,Nador
Ayoub,47,Beni Mellal
Salwa,31,Meknes
Carol,39,Safi
Tarik,20,Sale
Mohamed,35,El Jadida
Bob,62,Marrakech
Adam,30,Safi
Meryem,25,Kenitra
Elodie,53,Agadir
Tarik,19,Oujda
Zakaria,40,Agadir
Yasmina,35,Marrakech
Loubna,25,Safi
Abdel,37,Tangier
Alice,28,Fes
Salwa,65,Kenitra
Mehdi,64,Oujda
Anas,17,Casablanca
Omar,23,Meknes
Houda,50,Tetouan
Loubna,48,Meknes
Salwa,68,Sale
Karim,79,Beni Mellal
Meryem,24,Kenitra
Zineb,50,Nador
Hamza,64,Beni Mellal
Mehdi,45,El Jadida
Ayoub,38,Meknes
Cedric,45,Fes
Idriss,51,Rabat
Issam,43,Tetouan
Fatima,77,El Jadida
Hamza,47,Agadir
Mohamed,29,Safi
Amine,44,Tetouan
Yasmina,77,Tangier
Omar,73,Fes
Lina,31,Marrakech
Jawad,79,Rabat
Cedric,50,Fes
Adam,73,Agadir
Widad,79,Sale
Yahya,27,Kenitra
Youssef,15,Oujda
Tarik,50,Oujda
Alice,36,Nador
Zakaria,34,Tangier
Jawad,35,Sale
Hanae,40,Rabat
Amine,34,Beni Mellal
Yasmina,31,Beni Mellal
Carol,35,Fes
Lina,64,Agadir
Ayoub,64,Safi
Douae,17,Nador
Fatima,68,Sale
Widad,69,Tetouan
Salma,30,Oujda
Widad,47,Kenitra
Meryem,17,Kenitra
Tarik,39,Nador
Reda,41,Safi
Karim,47,Oujda
Douae,57,Kenitra
Houda,70,Kenitra
Issam,77,Meknes
Hanae,58,Kenitra
Houda,63,Agadir
Karim,42,Casablanca
Amal,30,El Jadida
Issam,56,Sale
Loubna,37,Fes
Jawad,34,Tetouan
Fatima,69,Meknes
Aya,75,Rabat
Sara,68,Fes
Bilal,19,Kenitra
Imane,78,Fes
Alice,20,Tetouan
Houda,34,Beni Mellal
Zakaria,54,Oujda
Maryam,24,Casablanca
Loubna,52,Tangier
Mehdi,75,Tetouan
Mohamed,57,El Jadida
Salma,78,El Jadida
Anas,30,Tetouan
Sofia,16,Rabat
Anas,46,Tetouan
Zineb,72,Oujda
Zakaria,41,Casablanca
Mohamed,41,Oujda
Youssef,20,Safi
Khadija,29,Oujda
Ayoub,48,Rabat
Douae,56,Meknes
Amine,65,Marrakech
Abdel,25,Casablanca
Rayane,22,Kenitra
Sara,24,Tetouan
Adam,50,Sale
Anas,44,Tangier
Sofia,15,Oujda
Noura,27,Nador
Carol,22,Casablanca
Lina,63,Tangier
Bob,39,El Jadida
Zineb,65,Marrakech
Omar,75,Oujda
Sabrina,32,Meknes
Mohamed,78,Beni Mellal
Omar,68,Sale
Salwa,55,Marrakech
Sofia,32,Tetouan
Sara,79,Kenitra
Salma,65,Casablanca
Bob,15,Fes
Youssef,19,Safi
Abdel,16,Safi
Noura,24,Tangier
Anas,60,Safi
Sabrina,76,Oujda
Yahya,76,Meknes
Adam,69,Marrakech
Houda,40,Marrakech
Hamza,31,Safi
Salwa,72,Rabat
Mehdi,75,Oujda
Yahya,53,Nador
Mehdi,34,Safi
Douae,76,Agadir
Tarik,38,Kenitra
Jawad,24,Casablanca
Adam,35,El Jadida
Issam,60,Rabat
Salma,56,Sale
Mohamed,53,Safi
Cedric,19,Meknes
Lina,20,Safi
Mounir,16,Fes
Zineb,64,Tetouan
Mounir,43,Nador
Mohamed,73,Casablanca
Salwa,39,Marrakech
Meryem,27,Kenitra
Karim,42,Oujda
Youssef,58,Beni Mellal
Hamza,49,Sale
Bob,76,Nador
Mehdi,26,Meknes
Abdel,38,Marrakech
Bilal,16,Kenitra
Nadia,32,Oujda
Imane,54,Safi
Mohamed,23,Oujda
Mohamed,29,El Jadida
Amal,18,Sale
Tarik,44,Fes
Maryam,21,Oujda
Yahya,46,Tangier
Alice,45,Sale
Meryem,62,Casablanca
Elodie,19,Rabat
Alice,22,Rabat
Sabrina,66,Casablanca
Nadia,53,Fes
Mounir,39,Sale
Alice,45,Marrakech
Noura,32,Nador
Issam,33,Nador
Zineb,33,Safi
Meryem,32,Rabat
Bob,73,Agadir
Mehdi,58,Rabat
Bilal,62,Beni Mellal
Mounir,53,Tetouan
Imane,27,Tangier
Widad,42,Marrakech
Abdel,15,Beni Mellal
Noura,25,Agadir
Omar,30,Safi
Hamza,59,El Jadida
Lina,28,Tangier
Yahya,27,Sale
Cedric,36,Sale
Tarik,35,Safi
Khadija,20,Sale
Salma,46,Marrakech
Idriss,47,El Jadida
Bilal,76,Oujda
Rachid,43,Sale
Cedric,19,Agadir
Adam,44,Casablanca
Omar,24,Fes
Rachid,39,Casablanca
Abdel,71,Marrakech
Lina,31,Sale
Salma,42,Marrakech
Issam,72,Safi
Amal,68,Rabat
Cedric,59,Meknes
Salma,66,Safi
Sabrina,15,Oujda
Imane,28,El Jadida
Zakaria,18,Nador
Imane,20,Marrakech
Sara,55,Tetouan
Issam,35,Sale
Amine,74,Casablanca
Mohamed,27,Rabat
Yasmina,57,Tetouan
Jawad,25,Tangier
Omar,74,Kenitra
Salma,71,El Jadida
Widad,20,Casablanca
Widad,49,Fes
Rachid,46,Safi
Yasmina,56,Oujda
Amine,27,Fes
Noura,60,Nador
Zakaria,34,El Jadida
Youssef,56,Kenitra
Hamza,72,Nador
Yassine,27,Rabat
Mounir,70,Safi
Issam,77,Oujda
Sofia,63,Fes
Yasmina,48,Sale
Maryam,15,Casablanca
Idriss,33,Beni Mellal
Sara,48,Oujda
Amal,49,Kenitra
Bob,65,Agadir
Mounir,55,Tetouan
Houda,60,Meknes
Reda,25,Safi
Houda,67,Oujda
Rachid,79,Beni Mellal
Aya,18,Safi
Omar,58,Tetouan
Tarik,67,Kenitra
Sabrina,39,Sale
Sabrina,67,Meknes
Mehdi,63,Rabat
Meryem,22,Marrakech
Zakaria,30,El Jadida
Maryam,67,El Jadida
Hamza,78,Tangier
Zakaria,77,Kenitra
Anas,29,Agadir
Issam,75,Marrakech
Jawad,78,El Jadida
Carol,48,Meknes
Reda,58,Fes
Yassine,32,Casablanca
Carol,41,El Jadida
Widad,64,El Jadida
Cedric,61,El Jadida
Issam,36,El Jadida
Omar,28,Agadir
Fatima,60,Kenitra
Loubna,43,El Jadida
Sara,74,Rabat
Karim,60,Sale
Mounir,67,Rabat
Aya,64,Sale
Idriss,60,Kenitra
Bilal,44,Agadir
Sofia,67,Oujda
Hamza,20,Tetouan
Elodie,76,Meknes
Ayoub,46,Beni Mellal
Hanae,55,El Jadida
Hamza,78,Tangier
Bilal,48,Casablanca
Omar,44,Nador
Zakaria,33,Kenitra
Fatima,60,Tangier
Loubna,44,Oujda
Omar,30,Tetouan
Reda,71,El Jadida
Salwa,36,Safi
Idriss,55,Meknes
Khadija,60,Rabat
Loubna,27,Sale
Carol,15,Nador
Rayane,50,Fes
Imane,48,Safi
Carol,72,Oujda
Issam,16,Casablanca
Zakaria,60,Fes
Nadia,56,Marrakech
Yasmina,25,Rabat
Karim,59,El Jadida
Reda,51,Tetouan
Idriss,31,Tangier
Abdel,69,Agadir
Karim,61,Sale
Anas,36,Fes
Bob,46,Agadir
Mounir,58,Kenitra
Anas,44,Beni Mellal
Meryem,59,Kenitra
Reda,40,El Jadida
Meryem,20,El Jadida
Mounir,59,Beni Mellal
Mehdi,55,Tetouan
Meryem,78,Oujda
Reda,42,Beni Mellal
Bilal,75,Meknes
Issam,56,Sale
Zakaria,67,Casablanca
Salma,37,Marrakech
Reda,60,Kenitra
Yahya,27,Agadir
Amine,52,Tetouan
Widad,65,Tetouan
Lina,70,El Jadida
Jawad,64,Sale
Rayane,58,Casablanca
Alice,19,Safi
Salma,70,Safi
Khadija,16,Meknes
Loubna,33,Meknes
Loubna,53,Beni Mellal
Carol,69,Safi
Issam,17,El Jadida
Lina,71,Rabat
Yasmina,41,Safi
Widad,73,Casablanca
Imane,71,Sale
Carol,55,Tetouan
Abdel,59,Fes
Yasmina,41,Kenitra
Zineb,78,Tangier
Karim,48,Oujda
Douae,67,Beni Mellal
Yahya,55,Tetouan
Mehdi,57,Oujda
Noura,53,Agadir
Cedric,37,Rabat
Salma,52,Agadir
Sofia,68,Beni Mellal
Karim,30,Rabat
Maryam,22,Tetouan
Imane,17,Nador
Yasmina,39,Nador
Salwa,75,Marrakech
Omar,39,Oujda
Youssef,71,Beni Mellal
Maryam,29,Marrakech
Yahya,61,Marrakech
Maryam,20,Agadir
Youssef,59,Sale
Imane,54,Kenitra
Hanae,49,Tangier
Elodie,74,Kenitra
Zineb,75,Oujda
Tarik,44,Agadir
Bob,24,Rabat
Khadija,51,Beni Mellal
Elodie,75,Casablanca
Carol,47,Agadir
Tarik,72,Beni Mellal
Aya,55,Sale
Khadija,29,Meknes
Salwa,35,El Jadida
Meryem,20,Beni Mellal
Lina,19,Meknes
Loubna,39,Oujda
Mohamed,39,Beni Mellal
Nadia,73,Marrakech
Meryem,34,Sale
Tarik,63,Casablanca
Sara,43,Casablanca
Sofia,70,Meknes
Salwa,39,Oujda
Omar,48,El Jadida
Adam,43,Tangier
Elodie,56,El Jadida
Bilal,27,Marrakech
Khadija,75,Tangier
Bob,33,Sale
Noura,42,Nador
Sofia,80,Kenitra
Abdel,57,Tetouan
Yahya,63,Oujda
Alice,37,Beni Mellal
Bob,50,Nador
Omar,70,Agadir
Sofia,65,Sale
Widad,71,Kenitra
Douae,76,Tangier
Salwa,54,Kenitra
Amine,77,Beni Mellal
Imane,45,Tangier
Salma,51,Safi
Abdel,18,Nador
Reda,60,El Jadida
Fatima,24,Fes
Sofia,75,Agadir
Imane,77,Tetouan
Salma,68,Rabat
Bob,73,Sale
Fatima,42,Rabat
Yasmina,44,Agadir
Bob,62,Marrakech
Lina,72,Meknes
Mohamed,69,Sale
Hanae,29,Rabat
Amal,67,Safi
Fatima,73,Sale
Fatima,33,Beni Mellal
Karim,18,Tetouan
Lina,29,Tetouan
Youssef,59,Tetouan
Meryem,78,Oujda
Idriss,20,Agadir
Karim,32,Casablanca
Fatima,56,Marrakech
Yahya,45,Kenitra
Cedric,35,Marrakech
Yahya,15,Tangier
Houda,49,Rabat
Maryam,63,Sale
Maryam,80,Tetouan
Sofia,53,Rabat
Youssef,18,Oujda
Yahya,33,Sale
Lina,69,Tetouan
Mohamed,80,Tetouan
Ayoub,39,Kenitra
Youssef,41,Nador
Amine,24,Sale
Fatima,34,Agadir
Sara,17,Fes
Zakaria,74,Meknes
Rayane,48,Casablanca
Cedric,72,Agadir
Zineb,18,Casablanca
Rayane,51,Rabat
Ayoub,68,Tangier
Aya,49,Fes
Sara,37,Kenitra
Meryem,18,Agadir
Yassine,76,Safi
Widad,70,Oujda
Adam,56,Nador
Adam,31,Tangier
Sofia,74,Tangier
Khadija,63,Fes
Loubna,26,Kenitra
Aya,30,Tangier
Douae,54,Tangier
Elodie,57,Kenitra
Bilal,57,Agadir
Noura,47,Beni Mellal
Yasmina,48,Oujda
Hanae,18,Nador
Anas,50,Kenitra
Bob,71,Tetouan
Loubna,75,Tetouan
Salma,73,Nador
Loubna,80,Sale
Anas,76,Oujda
Zakaria,38,Beni Mellal
Adam,59,Tetouan
Carol,18,Agadir
Tarik,48,Oujda
Fatima,20,Marrakech
Yasmina,29,Sale
Yahya,72,Safi
Ayoub,22,Sale
Sabrina,43,Safi
Amine,62,Tangier
Hamza,41,Kenitra
Elodie,18,Sale
Yahya,74,Nador
Sabrina,80,El Jadida
Mehdi,35,Agadir
Lina,23,Safi
Issam,28,Safi
Alice,37,Casablanca
Aya,70,Oujda
Salma,41,Oujda
Jawad,46,Fes
Douae,35,Marrakech
Mohamed,24,Casablanca
Idriss,63,Meknes
Abdel,79,Nador
Sabrina,61,El Jadida
Karim,53,Meknes
Sabrina,67,Tangier
Meryem,30,Casablanca
Mounir,47,Oujda
Yassine,59,Tangier
Sofia,20,Tangier
Yassine,34,Casablanca
Karim,62,Beni Mellal
Meryem,37,Tangier
Houda,27,Fes
Mehdi,51,Rabat
Idriss,77,El Jadida
Yahya,74,Sale
Widad,25,Marrakech
Carol,24,Tetouan
Widad,78,Casablanca
Abdel,26,Nador
Adam,46,Agadir
Hanae,15,Nador
Zineb,28,Agadir
Carol,35,Casablanca
Bilal,36,Beni Mellal
Youssef,16,Sale
Bilal,61,Rabat
Jawad,57,Rabat
Yahya,31,Kenitra
Zineb,76,Fes
Maryam,56,Casablanca
Yassine,70,Marrakech
Zakaria,56,Beni Mellal
Sabrina,55,Sale
Nadia,66,El Jadida
Carol,38,El Jadida
Amal,64,Nador
Zineb,22,Tangier
Amal,48,El Jadida
Anas,72,Safi
Imane,80,Meknes
Sara,56,Sale
Alice,30,Tangier
Loubna,37,Fes
Hanae,64,Marrakech
Aya,56,El Jadida
Imane,72,Nador
Meryem,56,Rabat
Houda,20,Tangier
Tarik,65,Meknes
Hamza,45,Safi
Mehdi,57,Tetouan
Idriss,23,Rabat
Mehdi,16,Marrakech
Adam,70,Agadir
Salwa,50,Fes
Lina,29,Nador
Cedric,80,Casablanca
Jawad,51,Fes
Sara,57,Kenitra
Khadija,45,Agadir
Rachid,57,Nador
Sofia,54,Marrakech
Yassine,18,Tangier
Amal,21,El Jadida
Issam,40,Safi
Issam,74,Kenitra
Fatima,27,Kenitra
Houda,32,Tangier
Meryem,37,Marrakech
Salma,37,Tangier
Reda,16,Kenitra
Yasmina,28,Rabat
Salwa,74,Beni Mellal
Imane,73,Rabat
Rayane,31,Nador
Rachid,20,Rabat
Amine,36,Safi
Elodie,16,Meknes
Douae,61,Fes
Maryam,73,Meknes
Elodie,29,Sale
Alice,21,Marrakech
Imane,22,Rabat
Noura,30,Casablanca
Reda,71,Meknes
Rayane,19,Casablanca
Noura,54,Oujda
Yahya,59,Casablanca
Meryem,56,Beni Mellal
Anas,64,Tangier
Widad,23,Casablanca
Yasmina,33,Tetouan
Houda,40,Rabat
Abdel,71,Beni Mellal
Cedric,80,Marrakech
Zakaria,39,Rabat
Elodie,49,Tetouan
Adam,68,Meknes
Alice,19,Kenitra
Bilal,31,Tangier
Sara,16,Fes
Bilal,65,Marrakech
Elodie,77,Kenitra
Sofia,77,Sale
Loubna,66,Safi
Imane,77,Sale
Sabrina,16,Oujda
Abdel,33,Oujda
Loubna,45,Meknes
Meryem,58,Oujda
Omar,65,Rabat
Yasmina,61,El Jadida
Noura,34,Oujda
Elodie,64,Agadir
Reda,39,Kenitra
Sabrina,47,Casablanca
Salwa,61,Marrakech
Loubna,64,Oujda
Hamza,34,Safi
Rachid,68,Meknes
Issam,30,Meknes
Adam,48,Rabat
Salwa,27,Marrakech
Douae,61,Tetouan
Yassine,77,Meknes
Abdel,27,Nador
Mohamed,74,Beni Mellal
Imane,29,Beni Mellal
Sara,31,Casablanca
Yahya,44,Agadir
Sara,44,Tangier
Yahya,29,Tangier
Rachid,32,El Jadida
Maryam,43,Meknes
Cedric,55,Casablanca
Houda,41,Safi
Yahya,42,Marrakech
Widad,48,Nador
Zineb,47,Casablanca
Zineb,31,Oujda
Rachid,54,Safi
Mohamed,69,Oujda
Mehdi,50,Safi
Issam,58,Nador
Carol,30,Tangier
Yasmina,35,Kenitra
Sabrina,57,El Jadida
Hamza,80,Casablanca
Karim,31,Beni Mellal
Amine,54,Sale
Aya,70,Casablanca
Noura,31,El Jadida
Tarik,35,Safi
Meryem,32,Nador
Carol,25,Safi
Mehdi,67,Oujda
Idriss,58,Rabat
Idriss,39,Tetouan
Idriss,75,Tetouan
Zakaria,36,Kenitra
Karim,56,Beni Mellal
Bob,34,El Jadida
Douae,44,Beni Mellal
Yasmina,22,Beni Mellal
Abdel,28,Fes
Cedric,26,El Jadida
Salma,24,Agadir
Bilal,24,Beni Mellal
Salwa,18,Agadir
Maryam,26,Meknes
Nadia,69,Beni Mellal
Nadia,43,Tetouan
Yahya,17,Nador
Sabrina,33,Fes
Anas,65,Kenitra
Mehdi,55,Rabat
Hamza,44,Safi
Issam,46,Rabat
Fatima,56,Tangier
Elodie,46,Oujda
Adam,47,Meknes
Yasmina,44,Meknes
Alice,55,Safi
Zakaria,18,Rabat
Cedric,34,El Jadida
Omar,41,Fes
Maryam,38,Agadir
Imane,26,Sale
Amine,43,Fes
Hanae,19,Safi
Rachid,76,Kenitra
Sofia,54,Safi
Youssef,55,Meknes
Salma,25,Beni Mellal
Rayane,47,Fes
Reda,68,Rabat
Zineb,16,Oujda
Omar,54,Marrakech
Hanae,19,Meknes
Tarik,20,Casablanca
Cedric,30,Kenitra
Cedric,54,Marrakech
Noura,36,Sale
Sara,18,Safi
Youssef,25,Rabat
Houda,74,Sale
Zineb,79,Tetouan
Rachid,44,Casablanca
Amine,16,Fes
Maryam,70,Kenitra
Houda,49,Tangier
Imane,33,Nador
Houda,42,Nador
Imane,15,Tangier
Aya,31,Beni Mellal
Idriss,18,Agadir
Yahya,38,Rabat
Yasmina,28,Marrakech
Maryam,68,Safi
Aya,41,Kenitra
Issam,26,Tangier
Khadija,57,Kenitra
Anas,66,Nador
Anas,80,Tangier
Issam,18,Beni Mellal
Fatima,58,Oujda
Sara,24,Beni Mellal
Douae,47,Tangier
Lina,66,Meknes
Idriss,73,Tangier
Rachid,78,Casablanca
Adam,49,El Jadida
Elodie,36,Tetouan
Idriss,26,Meknes
Tarik,59,Fes
Bilal,73,Rabat
Fatima,33,Rabat
Amine,41,Oujda
Noura,71,Sale
Alice,67,El Jadida
Hamza,70,Nador
Maryam,22,Casablanca
Houda,43,Tangier
Fatima,23,Meknes
Noura,58,Beni Mellal
Amal,38,El Jadida
Omar,59,Nador
Rachid,33,Tetouan
Karim,53,Kenitra
Meryem,64,Sale
Rachid,80,Kenitra
Meryem,28,Fes
Rayane,24,Kenitra
Adam,30,Tangier
Mohamed,15,Rabat
Widad,79,Safi
Imane,73,Tangier
Loubna,73,Marrakech
Cedric,20,Kenitra
Imane,21,Tangier
Houda,60,Sale
Jawad,80,Rabat
Hanae,70,Agadir
Sofia,35,Oujda
Salma,66,Agadir
Idriss,47,Meknes
Yassine,46,Tetouan
Widad,45,Nador
Khadija,32,Marrakech
Idriss,67,Marrakech
Hanae,21,Casablanca
Carol,73,Kenitra
Hanae,67,Casablanca
Elodie,17,Rabat
Anas,59,Kenitra
Karim,56,Marrakech
Yasmina,50,Kenitra
Anas,68,Tetouan
Yahya,55,Oujda
Abdel,60,Safi
Carol,38,Casablanca
Adam,70,Oujda
Rachid,28,Nador
Ayoub,56,Sale
Anas,46,Agadir
Houda,51,Safi
Imane,72,Tetouan
Elodie,65,Oujda
Salwa,48,Meknes
Idriss,22,Meknes
Karim,80,Marrakech
Anas,77,Sale
Omar,76,El Jadida
Adam,25,Agadir
Hamza,66,Nador
Loubna,80,Meknes
Khadija,46,Casablanca
Houda,48,El Jadida
Omar,18,Kenitra
Issam,68,Fes
Douae,61,Marrakech
Reda,53,Tetouan
Reda,15,Kenitra
Meryem,37,Tetouan
Cedric,76,Sale
Mehdi,64,Beni Mellal
Adam,58,Tangier
Cedric,32,Tetouan
Nadia,72,Tangier
Imane,25,Nador
Sara,36,Marrakech
Aya,44,Agadir
Adam,56,Rabat
Anas,32,Beni Mellal
Hanae,42,Marrakech
Idriss,46,Kenitra
Omar,75,Meknes
Reda,43,Rabat
Abdel,76,Agadir
Idriss,40,Sale
Rachid,36,El Jadida
Mohamed,58,Casablanca
Mounir,45,Tangier
Anas,70,Marrakech
Hanae,20,Fes
Salwa,27,El Jadida
Salwa,66,Fes
Douae,26,Oujda
Noura,47,Nador
Sabrina,59,Tangier
Elodie,75,Oujda
Aya,22,Beni Mellal
Fatima,24,Safi
Omar,75,Casablanca
Youssef,70,Casablanca
Khadija,68,Fes
Issam,33,Safi
Reda,75,Tetouan
Zineb,30,Rabat
Noura,18,Rabat
Omar,51,Safi
Elodie,33,Nador
Ayoub,34,Beni Mellal
Houda,41,Casablanca
Sara,42,El Jadida
Lina,70,Fes
Mehdi,43,Sale
Tarik,27,Fes
Issam,40,Casablanca
Sofia,26,Nador
Abdel,50,Marrakech
Noura,80,Fes
Nadia,20,Kenitra
Fatima,33,Tangier
Rayane,36,Nador
Bilal,49,Tangier
Meryem,77,Fes
Hanae,42,Tetouan
Aya,52,Fes
Maryam,29,Nador
Yahya,31,Marrakech
Youssef,57,El Jadida
Sabrina,47,Agadir
Aya,24,Safi
Hanae,18,Rabat
Rachid,24,El Jadida
Mounir,19,Nador
Aya,73,Oujda
Aya,15,Marrakech
Aya,20,Agadir
Alice,68,El Jadida
Bilal,28,Casablanca
Rayane,36,Sale
Bob,64,Casablanca
Sara,31,El Jadida
Mohamed,15,Fes
Yassine,37,Agadir
Mounir,74,Rabat
Alice,43,Fes
Douae,53,Tetouan
Zakaria,46,Agadir
Elodie,47,Fes
Ayoub,21,El Jadida
Fatima,65,El Jadida
Khadija,46,Meknes
Widad,41,Tetouan
Maryam,70,Beni Mellal
Issam,16,Safi
Alice,47,Nador
Amal,59,Safi
Yasmina,46,Sale
Carol,34,Meknes
Sofia,22,Safi
Yassine,64,Nador
Mounir,37,Kenitra
Noura,37,Agadir
Widad,26,Casablanca
Amal,48,Safi
Sofia,79,Agadir
Mohamed,79,Beni Mellal
Maryam,26,Agadir
Sara,45,Meknes
Sara,22,Rabat
Carol,28,Meknes
Ayoub,77,Marrakech
Sara,31,Sale
Rachid,42,Rabat
Aya,72,Tangier
Meryem,77,Beni Mellal
Elodie,43,Meknes
Widad,79,Rabat
Meryem,18,Kenitra
Yassine,43,El Jadida
Karim,47,Oujda
Hamza,67,Beni Mellal
Zakaria,69,Kenitra
Mohamed,50,Sale
Issam,48,Kenitra
Jawad,75,Meknes
Yahya,37,Tangier
Karim,22,Sale
Loubna,29,Oujda
Khadija,23,Nador
Mounir,56,El Jadida
Abdel,70,Nador
Yahya,33,Marrakech
Salwa,15,Marrakech
Idriss,37,Nador
Noura,18,Tangier
Noura,74,Marrakech
Anas,50,Marrakech
Zineb,15,Fes
Tarik,37,Kenitra
Zakaria,52,Sale
Yasmina,23,Nador
Douae,77,Tetouan
Sofia,76,Tetouan
Hamza,41,Meknes
Maryam,73,Safi
Hanae,33,Rabat
Issam,53,Oujda
Issam,31,Marrakech
Zakaria,46,El Jadida
Tarik,39,Nador
Mounir,68,Agadir
Maryam,65,Oujda
Cedric,60,Marrakech
Abdel,78,Beni Mellal
Aya,16,Rabat
Meryem,75,Marrakech
Reda,64,Casablanca
Maryam,78,Beni Mellal
Yassine,74,Nador
Widad,26,Agadir
Abdel,20,Kenitra
Amal,63,Kenitra
Ayoub,80,Marrakech
Tarik,69,Kenitra
Youssef,78,Tetouan
Salma,33,Oujda
Yahya,79,Kenitra
Amal,76,Tetouan
Loubna,21,El Jadida
Houda,77,El Jadida
Zineb,24,Tangier
Sofia,80,Nador
Idriss,66,Meknes
Tarik,72,Nador
Alice,19,Nador
Yassine,37,Casablanca
Lina,30,Tetouan
Yasmina,73,Oujda
Douae,21,Rabat
Yahya,70,Tetouan
Meryem,44,Casablanca
Salma,30,Sale
Youssef,42,Beni Mellal
Zakaria,68,Tangier
Yahya,40,Marrakech
Sofia,62,El Jadida
Amal,41,Safi
Widad,19,Sale
Hamza,58,Oujda
Zineb,63,Nador
Zakaria,48,Nador
Mohamed,68,Agadir
Loubna,64,El Jadida
Salma,41,Nador
Carol,57,Agadir
Fatima,63,Tangier
Sara,33,Fes
Imane,29,Agadir
Ayoub,74,Fes
Adam,16,Kenitra
Idriss,64,Sale
Youssef,15,Meknes
Amine,32,Kenitra
Bilal,65,Beni Mellal
Bob,45,Beni Mellal
Jawad,67,Agadir
Imane,22,Nador
Meryem,29,Agadir
Salwa,43,Meknes
Aya,66,Nador
Carol,49,Sale
Salma,68,Tetouan
Hamza,79,Tetouan
Fatima,51,Tangier
Yahya,42,Tangier
Maryam,31,Safi
Houda,17,Marrakech
Sabrina,19,Nador
Yasmina,60,Tangier
Hamza,50,Kenitra
Alice,20,Tangier
Yasmina,56,Oujda
Salma,67,Tetouan
Zineb,55,El Jadida
Abdel,25,Kenitra
Houda,68,El Jadida
Sabrina,22,Rabat
Tarik,17,Sale
Hanae,21,Agadir
Abdel,53,Marrakech
Fatima,80,Agadir
Carol,23,Tangier
Cedric,31,Safi
Anas,26,Agadir
Omar,22,Agadir
Imane,24,Nador
Adam,28,Nador
Amal,34,Agadir
Rayane,45,Casablanca
Issam,73,Tangier
Hanae,43,Oujda
Mounir,28,Tetouan
Rayane,64,Casablanca
Youssef,46,Kenitra
Bob,59,Beni Mellal
Zakaria,43,Nador
Karim,47,Beni Mellal
Salwa,45,Fes
Salma,43,Sale
Alice,58,Sale
Idriss,28,Fes
Salma,46,Safi
Salma,53,Nador
Hanae,74,Fes
Ayoub,33,Sale
Karim,59,Tetouan
Aya,59,Casablanca
Fatima,44,Fes
Tarik,31,Beni Mellal
Widad,32,Safi
Yahya,40,Marrakech
Adam,57,Meknes
Mehdi,66,Rabat
Mehdi,45,El Jadida
Elodie,49,Kenitra
Noura,58,Rabat
Mohamed,77,Safi
Youssef,48,Beni Mellal
Mohamed,34,Safi
Cedric,60,Oujda
Issam,43,Meknes
Rachid,71,Tangier
Imane,49,Tetouan
Yassine,22,Nador
Maryam,34,Oujda
Khadija,23,Beni Mellal
Abdel,79,Kenitra
Hanae,27,Meknes
Alice,71,Nador
Sara,62,Fes
Mounir,30,Marrakech
Cedric,43,Casablanca
Salwa,71,Tetouan
Youssef,34,Marrakech
Tarik,26,El Jadida
Jawad,58,Oujda
Hanae,46,Rabat
Abdel,26,Sale
Sofia,79,Oujda
Alice,23,Beni Mellal
Mohamed,27,El Jadida
Imane,77,Nador
Abdel,44,El Jadida
Khadija,57,Meknes
Imane,63,Sale
Yassine,31,Casablanca
Aya,25,Rabat
Yasmina,35,Oujda
Mehdi,61,Casablanca
Lina,37,Agadir
Hanae,49,Sale
Mohamed,41,Marrakech
Karim,32,Oujda
Sabrina,18,Oujda
Adam,55,El Jadida
Ayoub,50,Agadir
Bob,25,Sale
Salma,49,Beni Mellal
Abdel,80,Nador
Amine,21,Oujda
Widad,43,Marrakech
Maryam,40,Marrakech
Amine,56,Fes
Noura,25,Beni Mellal
Issam,50,Marrakech
Cedric,35,Sale
Idriss,35,Rabat
Sofia,37,Rabat
Zakaria,51,Beni Mellal
Meryem,71,Agadir
Nadia,63,Rabat
Elodie,23,Tetouan
Omar,76,Oujda
Bilal,35,Nador
Sara,44,Beni Mellal
Meryem,45,Beni Mellal
Jawad,69,Sale
Khadija,24,Safi
Sara,28,Marrakech
Douae,59,El Jadida
Fatima,68,Safi
Yahya,39,Agadir
Abdel,66,Agadir
Aya,72,Fes
Aya,63,Beni Mellal
Salma,50,Nador
Mehdi,80,Marrakech
Alice,74,Casablanca
Zakaria,18,Kenitra
Rayane,74,Nador
Salwa,28,Oujda
Rayane,51,Tangier
Rachid,25,Casablanca
Amine,76,Sale
Noura,38,Beni Mellal
Karim,60,Agadir
Abdel,69,Tetouan
Mehdi,62,Sale
Meryem,23,Nador
Zakaria,28,Meknes
Widad,43,Nador
Aya,79,Tetouan
Omar,21,Rabat
Aya,22,Fes
Widad,56,Casablanca
Rayane,42,Kenitra
Youssef,43,Fes
Khadija,53,Marrakech
Anas,36,Tangier
Noura,56,Agadir
Noura,42,Beni Mellal
Zakaria,63,Tangier
Abdel,21,Fes
Imane,27,Kenitra
Salma,36,Sale
Imane,38,Marrakech
Reda,38,Sale
Rayane,58,Safi
Cedric,57,El Jadida
Abdel,29,Tetouan
Khadija,50,Tangier
Meryem,74,Sale
Maryam,21,Nador
Amine,53,Meknes
Rachid,66,Oujda
Hanae,76,Oujda
Adam,79,Beni Mellal
Maryam,78,Oujda
Amal,28,Safi
Mehdi,66,Marrakech
Mohamed,15,Nador
Zakaria,23,Tetouan
Omar,48,Agadir
Bob,73,Oujda
Mehdi,17,Safi
Rayane,29,Nador
Salwa,26,Sale
Noura,44,Oujda
Yasmina,65,Kenitra
Nadia,16,Sale
Yahya,28,Meknes
Abdel,76,Kenitra
Houda,42,Tetouan
Noura,59,Agadir
Jawad,36,Marrakech
Amal,29,Nador
Aya,35,Beni Mellal
Loubna,58,Tetouan
Lina,18,Kenitra
Sofia,19,Fes
Sara,74,Tangier
Zakaria,20,Sale
Sabrina,40,Marrakech
Mehdi,77,El Jadida
Hamza,78,Tangier
Karim,64,Marrakech
Rachid,78,Kenitra
Mohamed,61,Sale
Zakaria,19,Kenitra
Amal,43,Nador
Bob,67,Fes
Imane,47,Safi
Sabrina,22,Oujda
Idriss,65,El Jadida
Abdel,35,Fes
Khadija,57,Sale
Sara,18,Meknes
Idriss,47,Marrakech
Widad,44,Rabat
Issam,15,Casablanca
Omar,29,Beni Mellal
Hamza,25,Rabat
Houda,77,Agadir
Meryem,39,Tetouan
Loubna,62,Rabat
Amal,70,Agadir
Adam,51,Agadir
Jawad,56,Fes
Noura,54,Meknes
Salma,45,Casablanca
Amine,26,Marrakech
Nadia,35,Kenitra
Ayoub,53,Rabat
Nadia,62,Sale
Hamza,38,Sale
Mohamed,52,Safi
Douae,22,Tetouan
Hanae,42,Agadir
Noura,32,Tetouan
Amine,56,Kenitra
Jawad,28,Tangier
Idriss,26,Rabat
Mounir,58,Agadir
Mohamed,69,Oujda
Salma,23,El Jadida
Zakaria,55,Oujda
Bilal,76,Casablanca
Salwa,37,Fes
Idriss,66,Safi
Yasmina,56,Casablanca
Yahya,36,Beni Mellal
Noura,39,Tangier
Hamza,68,Rabat
Mounir,23,Nador
Lina,32,Meknes
Adam,50,Meknes
Reda,71,Tetouan
Zineb,73,Sale
Salwa,35,Nador
Fatima,15,Fes
Idriss,71,Casablanca
Lina,62,Tangier
Karim,58,Safi
Zineb,48,El Jadida
Sara,26,El Jadida
Fatima,26,Marrakech
Youssef,19,Oujda
Yassine,18,Safi
Rayane,54,Agadir
Salma,19,Casablanca
Sofia,21,El Jadida
Hanae,19,Meknes
Loubna,80,Kenitra
Hanae,18,Nador
Salwa,33,Fes
Jawad,32,Sale
Ayoub,41,Rabat
Hanae,18,Beni Mellal
Rachid,78,Safi
Anas,79,Marrakech
Youssef,19,Kenitra
Bilal,60,Agadir
Elodie,33,Marrakech
Mounir,31,Rabat
Salwa,33,Casablanca
Adam,77,Safi
Maryam,51,Fes
Zakaria,38,Sale
Yahya,70,Casablanca
Loubna,57,Marrakech
Aya,55,Casablanca
Idriss,62,Beni Mellal
Karim,69,Kenitra
Yahya,70,Beni Mellal
Reda,39,Rabat
Sabrina,32,Safi
Douae,68,Casablanca
Alice,70,Agadir
Issam,38,Sale
Douae,65,El Jadida
Lina,23,Tetouan
Elodie,17,Tetouan
Khadija,21,Kenitra
Bob,17,Marrakech
Mehdi,46,Sale
Lina,22,Beni Mellal
Salwa,79,Kenitra
Salma,77,El Jadida
Omar,46,Safi
Amine,57,Fes
Anas,40,Casablanca
Zakaria,52,Sale
Zineb,56,Fes
Aya,66,Rabat
Hamza,72,Safi
Loubna,69,Fes
Zakaria,42,Oujda
Meryem,40,Safi
Imane,22,Rabat
Abdel,72,Kenitra
Ayoub,54,Agadir
Mehdi,66,Tetouan
Sara,45,Nador
Elodie,17,Tangier
Sofia,17,Oujda
Maryam,17,Marrakech
Youssef,30,Tetouan
Maryam,70,Oujda
Fatima,49,Casablanca
Salma,44,Agadir
Tarik,48,Safi
Hanae,55,Rabat
Amal,17,Marrakech
Omar,67,Fes
Houda,64,Fes
Meryem,22,Fes
Noura,73,Marrakech
Sara,64,Tetouan
Douae,46,Safi
Nadia,19,Oujda
Mohamed,69,Casablanca
Houda,43,Tangier
Meryem,71,Agadir
Bob,60,Beni Mellal
Cedric,77,Agadir
Imane,77,Marrakech
Loubna,39,Agadir
Mohamed,59,Kenitra
Lina,44,Safi
Omar,72,Marrakech
Maryam,48,Beni Mellal
Jawad,45,Beni Mellal
Adam,80,Meknes
Widad,15,Oujda
Yahya,51,Rabat
Sara,22,Safi
Mehdi,56,Tangier
Bilal,37,Sale
Jawad,15,Rabat
Idriss,20,Beni Mellal
Meryem,57,Beni Mellal
Imane,56,Rabat
Bob,23,Tangier
Aya,76,Beni Mellal
Issam,17,Fes
Rachid,62,Marrakech
Lina,34,Meknes
Cedric,75,Oujda
Noura,62,Rabat
Imane,15,Tangier
Abdel,75,Nador
Zineb,20,Fes
Imane,57,Beni Mellal
Bob,19,Beni Mellal
Karim,61,Sale
Amine,75,Meknes
Karim,60,Meknes
Carol,19,Safi
Yasmina,66,Sale
Zakaria,60,Nador
Alice,63,Marrakech
Alice,59,Casablanca
Carol,43,Beni Mellal
Alice,72,Marrakech
Khadija,38,Oujda
Zineb,59,Oujda
Tarik,16,El Jadida
Jawad,78,Meknes
Khadija,65,El Jadida
Omar,59,Meknes
Mohamed,51,Beni Mellal
Bob,15,Meknes
Loubna,34,Casablanca
Yasmina,49,Tangier
Adam,35,El Jadida
Nadia,72,Sale
Amine,36,Marrakech
Aya,26,Sale
Sara,25,Safi
Abdel,70,Nador
Khadija,76,Safi
Mohamed,38,Meknes
Fatima,23,Fes
Ayoub,46,Fes
Mehdi,73,Tangier
Karim,48,Tetouan
Aya,78,Nador
Rachid,51,Fes
Mehdi,24,Fes
Anas,76,El Jadida
Tarik,17,Agadir
Omar,47,Tetouan
Zakaria,61,Beni Mellal
Mounir,21,Safi
Lina,59,El Jadida
Zakaria,35,Meknes
Mehdi,66,Tetouan
Omar,36,Nador
Bob,17,Fes
Maryam,45,Oujda
Yahya,71,Rabat
Aya,37,Agadir
Yahya,20,Fes
Ayoub,54,Safi
Bilal,79,Nador
Rachid,66,Nador
Mounir,45,El Jadida
Sara,20,Rabat
Nadia,44,Sale
Amine,20,Tangier
Hamza,35,Oujda
Issam,53,Oujda
Tarik,73,Meknes
Maryam,67,Oujda
Douae,34,Rabat
Jawad,42,Fes
Alice,72,Oujda
Aya,75,Casablanca
Adam,70,Safi
Bob,32,Nador
Zakaria,38,Beni Mellal
Douae,59,Meknes
Amine,76,Fes
Sofia,55,Nador
Tarik,21,Tetouan
Reda,27,Safi
Elodie,38,Casablanca
Adam,52,Oujda
Nadia,63,Fes
Hamza,41,Safi
Yassine,48,Tetouan
Idriss,59,Agadir
Hamza,80,Tetouan
Ayoub,34,Tangier
Cedric,39,Meknes
Lina,76,El Jadida
Adam,64,Tetouan
Cedric,18,Nador
Loubna,39,Safi
Hanae,61,Nador
Douae,37,Tangier
Mohamed,25,Marrakech
Anas,22,Agadir
Nadia,39,Oujda
Khadija,21,Marrakech
Salwa,40,Rabat
Yahya,70,Safi
Amine,73,Tetouan
Sara,47,Agadir
Bilal,52,Meknes
Mohamed,45,Meknes
Bilal,79,Beni Mellal
Cedric,35,Oujda
Khadija,21,El Jadida
Maryam,23,Fes
Houda,67,Beni Mellal
Jawad,37,Beni Mellal
Noura,70,Nador
Fatima,37,Agadir
Loubna,52,Sale
Mohamed,53,Kenitra
Omar,51,Nador
Yahya,46,Marrakech
Omar,52,Marrakech
Elodie,65,Safi
Cedric,25,Safi
Imane,57,Sale
Aya,71,Oujda
Karim,19,Tetouan
Maryam,51,Tetouan
Mounir,21,Safi
Salwa,48,Tangier
Anas,34,Kenitra
Houda,49,Meknes
Widad,63,Safi
Douae,55,Marrakech
Fatima,25,Rabat
Bilal,53,Nador
Elodie,25,Sale
Zineb,67,Tangier
Karim,48,Nador
Yassine,55,Tangier
Adam,44,Oujda
Hamza,61,El Jadida
Mehdi,69,Marrakech
Lina,57,Marrakech
Houda,41,Agadir
Salwa,33,Agadir
Houda,68,Tangier
Abdel,51,Fes
Hanae,76,Tangier
Youssef,24,Casablanca
Rayane,38,Marrakech
Karim,52,Rabat
Abdel,73,Agadir
Zineb,48,Safi
Widad,55,Tangier
Reda,73,Fes
Bob,65,Oujda
Mounir,16,El Jadida
Sabrina,50,Nador
Douae,44,Safi
Adam,22,Sale
Sara,79,Meknes
Elodie,24,El Jadida
Karim,63,Fes
Cedric,24,Meknes
Issam,80,Beni Mellal
Widad,26,Casablanca
Omar,18,Fes
Hanae,72,Fes
Zineb,38,Casablanca
Salma,74,Agadir
Yasmina,78,Fes
Youssef,62,Tetouan
Hamza,56,Safi
Tarik,62,Casablanca
Widad,51,Nador
Mounir,27,Kenitra
Sabrina,20,Meknes
Amal,30,Casablanca
Karim,35,Marrakech
Sabrina,59,Safi
Abdel,18,El Jadida
Sabrina,34,Rabat
Douae,61,Oujda
Karim,54,Kenitra
Karim,52,Meknes
Adam,77,Meknes
Houda,69,Rabat
Aya,34,El Jadida
Khadija,77,Sale
Zineb,65,Agadir
Salwa,33,Beni Mellal
Cedric,62,Sale
Nadia,73,Oujda
Amal,54,Tangier
Imane,57,Tangier
Zakaria,41,Tetouan
Zakaria,78,Fes
Issam,47,El Jadida
Reda,37,Safi
Bob,66,Fes
Houda,52,Beni Mellal
Jawad,66,Meknes
Noura,38,El Jadida
Mohamed,24,Marrakech
Carol,64,Oujda
Bilal,28,Tetouan
Zineb,43,Kenitra
Youssef,54,El Jadida
Youssef,64,Safi
Omar,38,Fes
Yahya,27,Marrakech
Yahya,32,Casablanca
Tarik,44,El Jadida
Rachid,24,Casablanca
Abdel,21,El Jadida
Imane,62,Safi
Sofia,76,Rabat
Sara,61,Fes
Hanae,40,Beni Mellal
Fatima,66,Casablanca
Tarik,47,Casablanca
Yassine,61,Beni Mellal
Cedric,23,Tangier
Mehdi,24,Safi
Hanae,25,Meknes
Mounir,31,Tangier
Elodie,66,Casablanca
Carol,46,Agadir
Salma,71,Tangier
Zakaria,24,Nador
Carol,42,Tetouan
Widad,55,Tetouan
Carol,38,Fes
Loubna,35,Kenitra
Salma,43,Safi
Lina,34,Kenitra
Sara,33,Rabat
Yassine,24,Beni Mellal
Elodie,47,Casablanca
Noura,28,El Jadida
Yassine,30,Beni Mellal
Noura,23,Sale
Sara,78,Kenitra
Reda,45,Nador
Omar,23,Agadir
Houda,67,Casablanca
Sofia,73,Kenitra
Sabrina,57,El Jadida
Meryem,53,Oujda
Yasmina,70,Marrakech
Mohamed,45,Rabat
Salwa,40,Marrakech
Noura,58,Meknes
Youssef,33,Fes
Elodie,46,El Jadida
Salma,39,Casablanca
Salwa,51,Sale
Cedric,77,Meknes
Imane,50,Kenitra
Rachid,71,Kenitra
Yassine,43,Marrakech
Idriss,77,Beni Mellal
Meryem,52,Safi
Rayane,71,Marrakech
Zakaria,52,Tetouan
Hamza,77,Rabat
Bob,48,Oujda
Hamza,23,Meknes
Idriss,59,Tangier
Widad,30,El Jadida
Aya,44,El Jadida
Meryem,54,El Jadida
Nadia,52,Tangier
Widad,47,Safi
Imane,25,Sale
Amine,31,Fes
Amal,19,Kenitra
Idriss,22,Fes
Zineb,29,Meknes
Widad,80,Meknes
Yassine,75,Fes
Loubna,74,Agadir
Zineb,79,Beni Mellal
Issam,15,Fes
Sofia,27,Casablanca
Idriss,77,Beni Mellal
Noura,71,Agadir
Fatima,22,Rabat
Anas,18,Meknes
Yassine,43,Fes
Salwa,40,Kenitra
Salma,38,Kenitra
Houda,42,Oujda
Imane,31,Meknes
Maryam,77,Casablanca
Nadia,67,Nador
Zineb,74,Meknes
Adam,30,Rabat
Jawad,37,El Jadida
Khadija,55,El Jadida
Sara,71,Kenitra
Noura,31,Tetouan
Abdel,40,El Jadida
Idriss,79,Kenitra
Amal,35,Tetouan
Rachid,62,Rabat
Omar,19,Oujda
Maryam,23,Tangier
Sara,27,Rabat
Idriss,40,Casablanca
Issam,33,El Jadida
Maryam,28,Fes
Zakaria,69,Sale
Houda,40,Agadir
Sara,74,Nador
Meryem,56,Beni Mellal
Tarik,62,Tetouan
Mohamed,19,Kenitra
Noura,59,Safi
Alice,47,Casablanca
Yassine,40,Beni Mellal
Widad,58,Sale
Zakaria,34,Marrakech
Hamza,41,Nador
Houda,58,Sale
Widad,36,Oujda
Reda,38,Kenitra
Nadia,73,Sale
Lina,22,Oujda
Anas,69,Tangier
Mohamed,63,Meknes
Mohamed,78,Casablanca
Idriss,31,Oujda
Salma,15,Meknes
Widad,36,Meknes
Zakaria,27,Agadir
Jawad,65,Fes
Mounir,41,Rabat
Aya,32,Tangier
Karim,44,Kenitra
Yassine,45,Tangier
Noura,52,Sale
Amine,68,Sale
Yasmina,41,Marrakech
Cedric,39,Fes
Hamza,40,Kenitra
Lina,57,Nador
Abdel,41,Casablanca
Rachid,23,Meknes
Khadija,24,Sale
Mounir,22,Safi
Bilal,65,Kenitra
Jawad,30,Safi
Sofia,25,Fes
Zakaria,27,Fes
Imane,50,Casablanca
Hanae,32,Nador
Sabrina,77,El Jadida
Sofia,58,Casablanca
Idriss,43,Agadir
Adam,41,Tetouan
Elodie,26,Meknes
Anas,34,Kenitra
Abdel,40,Rabat
Abdel,64,Tangier
Salwa,20,Oujda
Amal,72,Kenitra
Imane,40,Nador
Widad,51,Rabat
Elodie,18,Marrakech
Aya,43,El Jadida
Karim,33,Safi
Amal,63,Casablanca
Carol,15,Oujda
Houda,80,Nador
Amal,23,Oujda
Karim,21,Kenitra
Widad,61,Kenitra
Jawad,19,Casablanca
Hanae,24,Tetouan
Fatima,33,Oujda
Aya,35,Beni Mellal
Adam,48,Tangier
Zakaria,69,Fes
Mehdi,58,El Jadida
Zineb,71,Fes
Elodie,22,Agadir
Cedric,59,Beni Mellal
Salwa,58,Sale
Hamza,45,Oujda
Zakaria,76,Kenitra
Maryam,75,Sale
Alice,78,Sale
Yahya,38,Tetouan
Zakaria,53,Meknes
Salma,56,Casablanca
Bilal,48,Oujda
Sofia,67,Casablanca
Mehdi,25,Tetouan
Imane,78,Tetouan
Hamza,22,Casablanca
Salma,15,Nador
Meryem,67,Safi
Fatima,36,Nador
Amal,19,Safi
Hanae,30,Marrakech
Yasmina,33,Casablanca
Yasmina,50,Beni Mellal
Alice,22,Marrakech
Amine,29,Safi
Omar,62,Beni Mellal
Bob,60,Oujda
Noura,46,Kenitra
Lina,48,El Jadida
Karim,51,Rabat
Zineb,75,Sale
Anas,41,Nador
Mounir,55,Sale
Sofia,52,Kenitra
Omar,31,Nador
Issam,26,Kenitra
Cedric,16,Tetouan
Ayoub,60,Fes
Mounir,28,Safi
Mounir,35,Safi
Khadija,38,Beni Mellal
Meryem,59,Rabat
Maryam,35,El Jadida
Widad,53,Marrakech
Zineb,40,Marrakech
Yasmina,46,Oujda
Bilal,54,Fes
Anas,37,Tangier
Noura,43,Oujda
Adam,64,Rabat
Khadija,15,Meknes
Ayoub,45,Oujda
Noura,37,Kenitra
Bilal,39,El Jadida
Meryem,24,Agadir
Aya,52,Meknes
Anas,70,Sale
Salwa,69,Sale
Houda,75,Casablanca
Houda,26,Oujda
Cedric,18,Kenitra
Mohamed,58,Kenitra
Abdel,43,Nador
Ayoub,20,Rabat
Mohamed,80,Oujda
Yassine,48,Rabat
Sara,21,El Jadida
Yahya,20,Nador
Houda,58,Rabat
Amine,44,Kenitra
Nadia,24,Rabat
Karim,62,Meknes
Imane,22,Tangier
Jawad,59,Rabat
Rayane,39,Safi
Noura,72,El Jadida
Aya,79,Fes
Abdel,38,Marrakech
Maryam,18,Beni Mellal
Yasmina,27,Beni Mellal
Maryam,30,Beni Mellal
Lina,60,Nador
Cedric,37,Meknes
Douae,27,Agadir
Amal,31,Agadir
Amal,50,Sale
Fatima,71,Safi
Zineb,20,Tangier
Rachid,41,Safi
Sara,75,Sale
Zineb,56,Nador
Aya,43,Agadir
Khadija,16,Sale
Widad,56,Tangier
Amine,52,Safi
Elodie,21,Marrakech
Yasmina,61,Tangier
Salma,50,Meknes
Nadia,20,Rabat
Mounir,28,Meknes
Rachid,72,Agadir
Noura,53,Kenitra
Yassine,30,El Jadida
Cedric,50,Tangier
Carol,34,Oujda
Anas,66,Tangier
Bilal,25,Meknes
Yasmina,43,Oujda
Khadija,20,Marrakech
Noura,33,Fes
Imane,58,El Jadida
Lina,60,Safi
Sara,79,Beni Mellal
Nadia,48,Nador
Karim,60,Rabat
Elodie,28,Oujda
Sara,77,Meknes
Sofia,69,Casablanca
Elodie,45,Agadir
Nadia,42,Tangier
Yassine,73,Beni Mellal
Houda,59,Nador
Amal,59,Kenitra
Yassine,26,El Jadida
Mounir,46,Tetouan
Idriss,39,Safi
Carol,27,Nador
Jawad,48,Fes
Carol,58,El Jadida
Meryem,39,Oujda
Zineb,73,Kenitra
Mounir,64,Tetouan
Yahya,70,Casablanca
Anas,32,Tangier
Mohamed,55,Safi
Mounir,22,Fes
Rayane,52,Marrakech
Bilal,26,Oujda
Reda,56,Fes
Reda,41,Casablanca
Carol,78,Meknes
Lina,24,Meknes
Salma,15,Sale
Alice,48,Tangier
Amal,66,Nador
Lina,28,Nador
Amine,51,Kenitra
Aya,38,El Jadida
Fatima,57,Sale
Karim,74,Marrakech
Anas,35,Agadir
Bob,29,Meknes
Hamza,32,Agadir
Aya,31,Marrakech
Sofia,40,Marrakech
Amine,79,Fes
Karim,30,Agadir
Yassine,18,El Jadida
Yassine,52,Kenitra
Aya,31,Tangier
Amine,77,Marrakech
Reda,64,Oujda
Sara,60,Kenitra
Reda,23,Beni Mellal
Idriss,19,Meknes
Houda,72,Beni Mellal
Zakaria,51,Tetouan
Karim,15,Tetouan
Amal,67,Oujda
Noura,52,Tetouan
Amal,63,Casablanca
Sabrina,74,Meknes
Elodie,16,Tetouan
Loubna,47,Meknes
Jawad,61,Marrakech
Aya,17,Beni Mellal
Tarik,16,Sale
Sofia,65,Sale
Jawad,32,Beni Mellal
Houda,74,Beni Mellal
Sabrina,48,Marrakech
Ayoub,74,Agadir
Douae,46,Rabat
Elodie,44,El Jadida
Adam,72,Casablanca
Lina,46,Meknes
Amine,29,Safi
Anas,16,Kenitra
Sabrina,20,Beni Mellal
Zineb,22,Tetouan
Lina,50,Marrakech
Mohamed,75,Beni Mellal
Khadija,77,Safi
Bilal,52,Kenitra
Abdel,51,Kenitra
Jawad,32,Nador
Sofia,46,Safi
Sofia,73,Sale
Nadia,60,Tangier
Amine,77,El Jadida
Idriss,53,Fes
Salwa,56,Nador
Zakaria,61,Beni Mellal
Sara,27,Kenitra
Mounir,72,Tetouan
Mehdi,44,Tangier
Cedric,21,El Jadida
Youssef,61,Tetouan
Loubna,63,Tetouan
Houda,44,Oujda
Mounir,54,Beni Mellal
Elodie,32,Beni Mellal
Mehdi,34,Nador
Mohamed,23,Kenitra
Sabrina,51,Meknes
Salma,23,Casablanca
Alice,15,Oujda
Alice,54,El Jadida
Elodie,38,Nador
Zakaria,58,Nador
Salma,32,Oujda
Amal,52,Kenitra
Salwa,48,Kenitra
Yasmina,15,Rabat
Tarik,35,Beni Mellal
Salma,23,Rabat
Adam,55,Kenitra
Mohamed,44,Agadir
Alice,47,Casablanca
Rachid,80,Nador
Omar,45,Tetouan
Alice,41,El Jadida
Karim,30,Beni Mellal
Bilal,61,Tetouan
Idriss,37,Casablanca
Youssef,45,Meknes
Loubna,63,Oujda
Zakaria,39,Casablanca
Karim,55,El Jadida
Widad,61,Marrakech
Noura,40,Tangier
Yasmina,52,Kenitra
Salwa,49,Nador
Omar,76,Nador
Mehdi,58,Nador
Cedric,29,Marrakech
Maryam,76,Casablanca
Zakaria,33,Oujda
Bilal,39,Marrakech
Noura,61,Safi
Bob,47,Tangier
Ayoub,22,Meknes
Omar,64,Safi
Yassine,50,Beni Mellal
Lina,64,Safi
Zineb,51,Sale
Rachid,37,Fes
Amal,41,Safi
Carol,72,Marrakech
Salma,79,Rabat
Idriss,77,El Jadida
Omar,19,Agadir
Lina,34,Kenitra
Amine,72,Tangier
Zineb,77,Fes
Sara,38,Tangier
Yassine,39,El Jadida
Lina,43,Fes
Maryam,36,Marrakech
Meryem,70,Oujda
Hamza,71,Safi
Amine,17,Tetouan
Omar,32,Sale
Adam,77,Oujda
Khadija,53,Tangier
Douae,40,Agadir
Rayane,78,Tangier
Amine,67,Tetouan
Lina,18,Tangier
Yassine,61,Safi
Lina,56,Agadir
Karim,38,Casablanca
Amal,65,Nador
Hanae,79,Marrakech
Jawad,22,Agadir
Amine,28,El Jadida
Ayoub,47,Beni Mellal
Reda,38,Nador
Zakaria,57,Casablanca
Khadija,27,Beni Mellal
Sara,57,Kenitra
Yahya,79,Meknes
Abdel,72,Oujda
Houda,28,Tetouan
Tarik,54,Beni Mellal
Idriss,63,Sale
Mehdi,68,El Jadida
Mohamed,53,Oujda
Abdel,64,Meknes
Noura,53,Sale
Sabrina,51,Kenitra
Yahya,60,Meknes
Salwa,75,Rabat
Sara,65,Fes
Sofia,42,Meknes
Zineb,18,Safi
Ayoub,34,Nador
Rayane,79,Fes
Fatima,44,Casablanca
Adam,22,Oujda
Carol,29,Meknes
Mounir,48,Tetouan
Carol,56,Nador
Yasmina,74,El Jadida
Salwa,20,Casablanca
Mounir,15,Rabat
Yahya,47,Sale
Mounir,61,Meknes
Abdel,52,Kenitra
Mehdi,68,Oujda
Anas,27,El Jadida
Douae,17,Kenitra
Youssef,23,Nador
Sofia,33,Agadir
Loubna,29,Fes
Sara,71,Nador
Adam,55,Agadir
Douae,42,Tetouan
Salwa,51,Tangier
Elodie,61,Nador
Sara,71,El Jadida
Mohamed,41,Sale
Bob,55,Casablanca
Mounir,44,Nador
Hamza,34,Oujda
Anas,57,Tangier
Ayoub,63,Sale
Yasmina,70,Rabat
Abdel,38,Safi
Khadija,40,Tangier
Alice,19,Agadir
Elodie,51,Agadir
Reda,28,El Jadida
Bilal,18,Oujda
Jawad,69,Rabat
Tarik,58,Marrakech
Maryam,32,Nador
Bob,22,Beni Mellal
Nadia,41,Casablanca
Sofia,71,Casablanca
Yahya,70,Oujda
Tarik,47,Fes
Houda,31,Safi
Hanae,58,Agadir
Mohamed,27,Sale
Yassine,69,Casablanca
Bob,31,Sale
Sofia,65,Marrakech
Amine,79,Beni Mellal
Houda,66,Rabat
Rayane,79,Fes
Hanae,64,Oujda
Alice,34,Fes
Hanae,21,Agadir
Rayane,55,Tetouan
Aya,40,Nador
Karim,63,Kenitra
Alice,55,Tetouan
Zineb,34,Marrakech
Omar,80,Tangier
Idriss,15,Tangier
Noura,41,Sale
Youssef,72,Agadir
Houda,46,Kenitra
Yasmina,30,Rabat
Anas,31,Rabat
Mounir,20,Tetouan
Bob,24,Casablanca
Amine,40,Fes
Meryem,45,Agadir
Rachid,73,Meknes
Widad,38,Marrakech
Sabrina,67,Oujda
Yahya,42,Tangier
Aya,71,Meknes
Bob,37,Fes
Yassine,18,Casablanca
Douae,54,Nador
Douae,41,El Jadida
Idriss,16,Casablanca
Karim,35,Agadir
Cedric,35,Kenitra
Hamza,69,Nador
Carol,36,Agadir
Sabrina,53,Tetouan
Sara,51,Meknes
Issam,50,Casablanca
Elodie,33,Fes
Maryam,30,Meknes
Maryam,76,Beni Mellal
Hamza,49,Safi
Mehdi,55,Marrakech
Omar,48,Kenitra
Bilal,68,Tangier
Aya,42,Safi
Reda,78,Casablanca
Salma,68,El Jadida
Amine,58,Tangier
Cedric,35,Casablanca
Alice,52,Marrakech
Imane,69,Nador
Yahya,68,El Jadida
Yasmina,65,Beni Mellal
Tarik,79,Casablanca
Meryem,19,Safi
Salwa,49,El Jadida
Mohamed,67,Oujda
Anas,25,Marrakech
Omar,58,El Jadida
Karim,29,Meknes
Sara,21,Nador
Yassine,41,Beni Mellal
Reda,51,Tetouan
Yahya,77,Oujda
Carol,61,El Jadida
Hanae,69,Kenitra
Meryem,44,Safi
Khadija,38,Safi
Abdel,16,Sale
Issam,69,Rabat
Sabrina,38,Kenitra
Yasmina,45,Nador
Fatima,33,Sale
Meryem,75,Beni Mellal
Salma,62,El Jadida
Youssef,29,Agadir
Imane,36,El Jadida
Anas,51,Safi
Mounir,75,Safi
Rachid,58,Fes
Karim,70,Sale
Yassine,80,Kenitra
Yasmina,39,Oujda
Sabrina,58,Kenitra
Douae,80,Kenitra
Widad,74,Tetouan
Yahya,64,Safi
Nadia,47,Tangier
Karim,59,Safi
Hanae,26,Kenitra
Rachid,79,Tetouan
Imane,44,Marrakech
Salma,67,Safi
Salma,41,El Jadida
Hamza,36,Sale
Anas,38,Kenitra
Hamza,59,Casablanca
Omar,30,Nador
Noura,21,Fes
Hamza,24,Meknes
Hanae,72,Rabat
Bilal,68,Sale
Sabrina,55,Tangier
Yassine,53,Marrakech
Ayoub,59,Fes
Yahya,79,Rabat
Widad,17,Meknes
Hamza,51,Tangier
Salwa,16,Safi
Amal,61,Fes
Zakaria,15,Tetouan
Idriss,45,Tangier
Mohamed,50,Tangier
Cedric,37,Safi
Carol,64,Marrakech
Ayoub,29,Kenitra
Amine,58,Marrakech
Khadija,42,Marrakech
Elodie,52,Meknes
Amal,25,Safi
Sabrina,30,Nador
Khadija,63,Kenitra
Yassine,45,Oujda
Widad,33,Agadir
Mohamed,70,Sale
Noura,27,El Jadida
Rayane,56,Safi
Mehdi,24,Casablanca
Salma,52,Kenitra
Tarik,43,Nador
Nadia,77,Fes
Zakaria,17,Marrakech
Widad,72,Casablanca
Salwa,43,Safi
Adam,63,Fes
Yasmina,48,Kenitra
Maryam,41,Fes
Mounir,35,Tangier
Elodie,65,Marrakech
Jawad,76,Rabat
Elodie,76,Casablanca
Zineb,56,Meknes
Carol,75,El Jadida
Noura,65,Meknes
Hanae,72,Oujda
Bob,69,Agadir
Bilal,52,Casablanca
Alice,23,Casablanca
Aya,60,Tetouan
Loubna,64,Meknes
Alice,78,Beni Mellal
Jawad,50,Tangier
Zakaria,17,Marrakech
Carol,56,Kenitra
Issam,68,Tetouan
Youssef,62,Agadir
Karim,77,Nador
Bilal,26,Fes
Omar,78,Safi
Elodie,69,Nador
Bilal,26,Rabat
Salwa,53,El Jadida
Rayane,76,Meknes
Bilal,35,Safi
Imane,56,Beni Mellal
Yassine,31,Meknes
Maryam,42,Beni Mellal
Mehdi,51,Safi
Adam,36,Safi
Amine,63,Kenitra
Amal,63,Oujda
Mehdi,38,Agadir
Maryam,30,Oujda
Widad,60,Safi
Omar,55,Tetouan
Fatima,40,Kenitra
Idriss,57,Sale
Aya,53,Agadir
Sabrina,47,Tetouan
Rayane,27,Oujda
Bob,68,Rabat
Meryem,79,Kenitra
Noura,22,Meknes
Aya,18,Casablanca
Sara,53,Sale
Mehdi,20,Beni Mellal
Rachid,28,Beni Mellal
Hamza,24,Marrakech
Jawad,30,Rabat
Abdel,29,El Jadida
Widad,16,Casablanca
Cedric,67,Nador
Noura,38,Tetouan
Youssef,50,Meknes
Anas,76,Tetouan
Bilal,41,Beni Mellal
Yasmina,66,Agadir
Bilal,30,Beni Mellal
Karim,67,Tetouan
Omar,74,Safi
Idriss,66,Nador
Maryam,58,Casablanca
Elodie,22,Safi
Jawad,53,Sale
Karim,21,Sale
Yasmina,79,Oujda
Aya,25,El Jadida
Rachid,23,Agadir
Houda,24,Safi
Carol,58,Casablanca
Nadia,47,Agadir
Ayoub,56,Safi
Lina,71,Meknes
Noura,61,Meknes
Nadia,69,Rabat
Amal,40,Rabat
Karim,57,El Jadida
Houda,55,Safi
Yahya,33,Tetouan
Houda,78,Tangier
Nadia,77,Agadir
Hanae,57,Marrakech
Salma,42,Agadir
Douae,34,Marrakech
Yahya,74,Agadir
Tarik,77,Meknes
Anas,64,Safi
Yasmina,63,Casablanca
Mehdi,65,Nador
Amal,78,Fes
Sara,76,Nador
Meryem,39,Safi
Widad,41,Rabat
Sara,44,Beni Mellal
Yasmina,41,Fes
Amal,48,Sale
Karim,40,Meknes
Adam,27,Oujda
Meryem,51,Oujda
Idriss,55,Nador
Hamza,50,Agadir
Omar,68,Fes
Nadia,26,Kenitra
Yasmina,61,Kenitra
Fatima,26,Meknes
Abdel,80,Meknes
Yasmina,46,Oujda
Rachid,41,Kenitra
Bob,64,Safi
Bilal,15,El Jadida
Amine,41,Safi
Karim,71,Nador
Aya,52,Kenitra
Cedric,47,Fes
Mehdi,56,Sale
Hanae,29,Casablanca
Douae,77,Kenitra
Ayoub,65,Rabat
Sofia,19,Marrakech
Ayoub,20,Casablanca
Sofia,49,Rabat
Zakaria,22,Meknes
Meryem,68,Meknes
Rayane,35,Agadir
Meryem,61,Beni Mellal
Douae,79,Safi
Douae,30,Tangier
Zakaria,66,Casablanca
Hamza,59,Tetouan
Mohamed,59,Safi
Hanae,55,Tangier
Salwa,38,Beni Mellal
Khadija,44,Tangier
Lina,18,Agadir
Bilal,49,Tetouan
Rachid,24,Casablanca
Khadija,62,Marrakech
Adam,79,El Jadida
Salwa,73,Safi
Omar,47,Agadir
Mohamed,20,Rabat
Salwa,54,Sale
Yahya,29,Fes
Alice,64,Tangier
Salma,50,Rabat
Omar,17,Oujda
Idriss,20,Kenitra
Noura,47,Beni Mellal
Bilal,43,Tetouan
Sofia,80,Tangier
Nadia,19,Beni Mellal
Sara,62,Beni Mellal
Anas,25,Nador
Sabrina,29,Nador
Amal,25,Beni Mellal
Amine,22,Agadir
Yasmina,42,El Jadida
Mounir,59,Agadir
Ayoub,19,Kenitra
Khadija,70,Rabat
Carol,35,Oujda
Loubna,67,Sale
Tarik,24,El Jadida
Nadia,70,Nador
Zineb,45,Nador
Reda,72,Fes
Elodie,22,Meknes
Mehdi,77,Kenitra
Sofia,62,Fes
Tarik,28,Tetouan
Lina,21,Meknes
Meryem,74,Nador
Amal,70,Fes
Imane,16,Beni Mellal
Sofia,45,Kenitra
Sabrina,26,Oujda
Salwa,32,Rabat
Anas,27,Safi
Loubna,71,Fes
Mohamed,30,Marrakech
Karim,15,Beni Mellal
Khadija,71,Safi
Tarik,52,Kenitra
Cedric,75,Casablanca
Cedric,60,Marrakech
Adam,52,Tangier
Alice,60,Kenitra
Khadija,17,Beni Mellal
Houda,21,Nador
Noura,73,Casablanca
Salwa,18,Tetouan
Imane,80,Casablanca
Bob,45,Tetouan
Widad,41,Tetouan
Mohamed,51,Fes
Khadija,34,Tangier
Mohamed,48,Meknes
Loubna,57,Kenitra
Salwa,23,Beni Mellal
Elodie,61,Safi
Widad,78,Sale
Salwa,43,El Jadida
Maryam,59,Sale
Youssef,36,Marrakech
Ayoub,25,Meknes
Yahya,49,Tangier
Noura,34,El Jadida
Maryam,77,Fes
Meryem,58,Agadir
Youssef,64,El Jadida
Carol,17,Safi
Jawad,80,Agadir
Yahya,23,Marrakech
Aya,64,Tetouan
Hanae,52,Rabat
Mehdi,80,Tangier
Anas,55,Tetouan
Aya,42,Agadir
Sabrina,43,Casablanca
Karim,66,Safi
Houda,37,Nador
Jawad,16,Meknes
Adam,17,Rabat
Jawad,15,Agadir
Lina,20,Kenitra
Khadija,55,Fes
Mehdi,51,Sale
Yahya,68,Rabat
Salma,52,Tetouan
Adam,74,Kenitra
Maryam,55,Fes
Adam,17,Agadir
Amal,76,Kenitra
Ayoub,71,Beni Mellal
Karim,41,Kenitra
Nadia,22,Meknes
Loubna,66,El Jadida
Mohamed,22,Oujda
Sara,50,Kenitra
Issam,55,Agadir
Yasmina,15,Rabat
Reda,44,Fes
Carol,16,Casablanca
Fatima,45,Sale
Abdel,34,Sale
Amal,55,Fes
Tarik,17,Agadir
Imane,45,Marrakech
Meryem,64,Tangier
Omar,31,Tangier
Loubna,77,Meknes
Sara,29,El Jadida
Widad,61,Beni Mellal
Nadia,24,Marrakech
Anas,64,Meknes
Fatima,70,El Jadida
Salwa,40,Nador
Rachid,29,Kenitra
Alice,40,Kenitra
Alice,71,Sale
Ayoub,77,Safi
Tarik,32,Tangier
Lina,62,Marrakech
Widad,73,Nador
Idriss,37,Nador
Lina,15,Sale
Hanae,55,Nador
Bilal,53,El Jadida
Noura,62,Safi
Zakaria,21,El Jadida
Karim,68,El Jadida
Salma,36,Oujda
Karim,63,Tangier
Abdel,65,Marrakech
Zakaria,61,Tangier
Bob,61,El Jadida
Amal,57,Fes
Abdel,29,Oujda
Hanae,27,Fes
Douae,77,Kenitra
Issam,57,Tetouan
Salma,49,Marrakech
Carol,26,Casablanca
Yasmina,18,Meknes
Salma,80,El Jadida
Hanae,79,Nador
Lina,52,Casablanca
Loubna,16,Agadir
Yassine,48,Kenitra
Reda,46,Rabat
Jawad,41,Safi
Douae,16,Marrakech
Aya,46,Rabat
Rayane,79,Tangier
Widad,16,Kenitra
Sara,52,Oujda
Rayane,79,Oujda
Aya,50,Fes
Tarik,74,Tetouan
Khadija,66,Casablanca
Mounir,43,Sale
Ayoub,70,Tetouan
Aya,37,Beni Mellal
Zakaria,35,Tangier
Bilal,79,Kenitra
Aya,16,Casablanca
Jawad,40,Beni Mellal
Adam,29,Tangier
Yahya,37,El Jadida
Maryam,38,Marrakech
Aya,35,Sale
Khadija,73,Kenitra
Widad,77,Rabat
Yahya,54,Oujda
Anas,57,Sale
Zakaria,67,Kenitra
Hanae,19,Nador
Reda,36,Fes
Sara,25,Oujda
Nadia,79,Tangier
Hanae,21,Beni Mellal
Widad,30,Beni Mellal
Hanae,49,Marrakech
Carol,58,Marrakech
Abdel,75,Safi
Amal,19,Kenitra
Abdel,28,Kenitra
Karim,55,Meknes
Salma,73,Beni Mellal
Karim,20,Sale
Zineb,55,Beni Mellal
Amal,24,Tangier
Salma,44,Agadir
Bilal,76,Meknes
Houda,63,Agadir
Hanae,67,Fes
Reda,39,Marrakech
Sofia,41,Safi
Sabrina,46,Tangier
Yasmina,54,Fes
Elodie,45,Agadir
Lina,62,Casablanca
Omar,22,Safi
Imane,45,Tetouan
Khadija,23,Oujda
Anas,71,Nador
Ayoub,44,Marrakech
Reda,62,Sale
Sofia,61,Oujda
Nadia,65,Tetouan
Alice,52,El Jadida
Carol,60,Tangier
Widad,20,Casablanca
Adam,60,Sale
Reda,35,Nador
Yassine,45,Meknes
Mounir,59,Tetouan
Reda,67,Rabat
Anas,40,Safi
Meryem,64,Casablanca
Jawad,75,Fes
Fatima,33,Nador
Issam,22,Agadir
Hanae,43,Safi
Jawad,50,Safi
Maryam,79,Fes
Hanae,24,Oujda
Sabrina,60,Marrakech
Bob,41,Safi
Amal,67,Meknes
Zakaria,20,Meknes
Alice,48,Safi
Zineb,47,Casablanca
Bob,61,Fes
Widad,62,Oujda
Jawad,65,Oujda
Rayane,71,Agadir
Adam,78,Tetouan
Issam,74,Oujda
Anas,21,Nador
Sara,19,Meknes
Fatima,19,Fes
Houda,69,Casablanca
Elodie,20,Tangier
Adam,64,Agadir
Ayoub,22,Beni Mellal
Jawad,26,Tetouan
Salwa,36,Beni Mellal
Ayoub,39,Marrakech
Zakaria,31,Tetouan
Tarik,18,Agadir
Khadija,76,Tetouan
Carol,61,Tetouan
Ayoub,42,Beni Mellal
Hamza,40,Safi
Yahya,15,Oujda
Khadija,73,Safi
Salma,42,Nador
Salma,52,Safi
Lina,31,Sale
Hamza,62,Kenitra
Maryam,43,Casablanca
Sara,27,El Jadida
Abdel,70,Agadir
Karim,78,Safi
Bilal,35,Nador
Khadija,78,Fes
Douae,52,Fes
Abdel,35,Tetouan
Yassine,75,Fes
Loubna,59,Agadir
Sabrina,58,Sale
Lina,68,Beni Mellal
Meryem,70,El Jadida
Maryam,37,Casablanca
Rayane,76,Agadir
Khadija,52,Oujda
Widad,28,Meknes
Adam,35,Rabat
Nadia,55,Marrakech
Rayane,54,Oujda
Idriss,76,Rabat
Sabrina,38,Meknes
Carol,36,Tangier
Cedric,42,Marrakech
Tarik,48,Oujda
Zineb,42,Fes
Mehdi,34,Fes
Omar,18,Tangier
Khadija,55,Fes
Tarik,25,Oujda
Widad,39,Oujda
Tarik,78,Agadir
Loubna,43,Kenitra
Rachid,23,Oujda
Issam,71,Safi
Khadija,67,El Jadida
Yahya,73,Rabat
Meryem,27,Meknes
Douae,36,Nador
Amal,67,Safi
Sabrina,47,Rabat
Imane,23,Casablanca
Loubna,80,Kenitra
Abdel,45,Beni Mellal
Hanae,17,Rabat
Omar,37,Rabat
Bilal,80,El Jadida
Tarik,56,Meknes
Alice,20,Rabat
Yahya,57,Tetouan
Mounir,25,Tetouan
Abdel,27,Tetouan
Youssef,46,Sale
Meryem,34,Safi
Anas,22,Agadir
Mehdi,78,Rabat
Fatima,67,Beni Mellal
Amal,16,El Jadida
Sabrina,41,El Jadida
Ayoub,33,Casablanca
Loubna,76,Fes
Douae,34,Meknes
Lina,79,El Jadida
Salwa,17,El Jadida
Houda,76,Sale
Alice,33,Tangier
Widad,69,Marrakech
Alice,68,El Jadida
Sofia,68,Rabat
Widad,72,Safi
Hanae,26,Rabat
Yasmina,72,Fes
Houda,38,El Jadida
Fatima,69,Beni Mellal
Karim,54,Safi
Fatima,31,Marrakech
Fatima,76,Marrakech
Zineb,18,Agadir
Yahya,71,Marrakech
Mounir,32,Tangier
Rachid,50,Marrakech
Carol,63,El Jadida
Yasmina,67,Casablanca
Karim,52,Nador
Amal,61,Casablanca
Rachid,61,Oujda
Omar,48,Kenitra
Carol,60,Beni Mellal
Yasmina,45,Marrakech
Meryem,63,Casablanca
Hamza,77,Marrakech
Zineb,79,Meknes
Loubna,32,El Jadida
Ayoub,46,Agadir
Bob,68,Fes
Nadia,55,Fes
Houda,67,Rabat
Yahya,41,Safi
Douae,22,El Jadida
Khadija,40,Meknes
Zakaria,75,Casablanca
Carol,20,Tetouan
Widad,39,Sale
Zakaria,33,Agadir
Zineb,28,Casablanca
Omar,16,Nador
Noura,45,El Jadida
Issam,35,Beni Mellal
Loubna,35,Kenitra
Zineb,43,El Jadida
Idriss,61,Nador
Noura,25,Kenitra
Rayane,79,Sale
Zakaria,39,Oujda
Reda,61,Tangier
Amal,53,Rabat
Zakaria,67,Marrakech
Cedric,53,Nador
Idriss,78,Tetouan
Omar,26,Safi
Youssef,46,Beni Mellal
Loubna,35,Kenitra
Amine,64,Casablanca
Yassine,62,Casablanca
Rachid,70,Marrakech
Reda,24,Tetouan
Maryam,25,Sale
Lina,55,Tetouan
Hanae,45,Marrakech
Yahya,25,Rabat
Cedric,33,El Jadida
Cedric,58,Nador
Imane,64,Agadir
Sabrina,24,El Jadida
Fatima,32,Marrakech
Carol,68,Safi
Jawad,69,El Jadida
Alice,61,Casablanca
Bob,62,Nador
Karim,20,El Jadida
Houda,56,Tetouan
Loubna,48,Agadir
Hamza,27,Rabat
Mehdi,35,Fes
Mehdi,46,Casablanca
Ayoub,29,Fes
Amine,63,Tetouan
Lina,21,Meknes
Lina,78,Kenitra
Hanae,75,Beni Mellal
Alice,79,Sale
Amine,47,Tangier
Hamza,33,Safi
Sofia,68,Tetouan
Amine,58,Tangier
Maryam,68,Oujda
Alice,24,Tangier
Salwa,64,Fes
Khadija,20,Kenitra
Anas,47,Kenitra
Loubna,43,Meknes
Hamza,26,Meknes
Zakaria,56,Beni Mellal
Aya,58,Beni Mellal
Noura,77,Nador
Carol,68,Agadir
Abdel,78,Rabat
Adam,66,Safi
Houda,47,Oujda
Karim,40,Agadir
Cedric,77,Safi
Nadia,65,Fes
Zineb,37,Tangier
Mehdi,60,Rabat
Salma,49,Tangier
Salwa,77,El Jadida
Idriss,23,Meknes
Omar,46,Tangier
Rayane,49,Tetouan
Aya,65,Sale
Sara,42,Oujda
Amine,49,Sale
Khadija,39,Rabat
Tarik,62,Agadir
Sabrina,55,Meknes
Cedric,20,Oujda
Imane,75,Kenitra
Idriss,73,Oujda
Rachid,72,Tangier
Salma,68,Oujda
Amal,70,Kenitra
Hanae,20,Meknes
Yahya,60,Casablanca
Issam,39,Kenitra
Reda,73,Agadir
Abdel,24,El Jadida
Anas,42,Agadir
Maryam,27,El Jadida
Rachid,58,Tangier
Elodie,42,Tetouan
Hamza,74,Kenitra
Sabrina,69,Nador
Ayoub,25,Tangier
Elodie,17,Fes
Salma,49,Kenitra
Cedric,68,Casablanca
Jawad,37,Sale
Reda,80,Fes
Abdel,35,Tetouan
Zakaria,58,Agadir
Issam,77,Meknes
Adam,49,Tangier
Alice,59,Casablanca
Salwa,75,Beni Mellal
Zineb,32,Fes
Carol,24,Sale
Karim,26,El Jadida
Mounir,24,Marrakech
Douae,56,Nador
Rachid,24,Tangier
Hamza,25,Tangier
Sara,30,Marrakech
Fatima,74,Casablanca
Youssef,78,Rabat
Sabrina,35,Agadir
Zakaria,32,Sale
Bob,65,Rabat
Cedric,43,Tangier
Amine,31,El Jadida
Mehdi,44,Nador
Tarik,71,Tangier
Tarik,35,Safi
Aya,30,Casablanca
Anas,75,Oujda
Yasmina,30,Oujda
Amal,51,El Jadida
Yasmina,26,Fes
Mehdi,23,Fes
Adam,31,Sale
Bob,49,Beni Mellal
Imane,76,Agadir
Sara,48,Marrakech
Reda,42,Casablanca
Yasmina,30,Casablanca
Bilal,64,El Jadida
Yahya,35,Oujda
Salma,72,Sale
Elodie,49,Oujda
Tarik,39,Sale
Rachid,28,Casablanca
Bob,45,Sale
Youssef,80,Beni Mellal
Hanae,52,Sale
Fatima,21,Rabat
Abdel,80,Beni Mellal
Zineb,48,Fes
Salwa,42,Beni Mellal
Salwa,66,Tetouan
Anas,34,Agadir
Mehdi,51,Rabat
Rayane,45,Oujda
Sabrina,57,Safi
Karim,55,Safi
Loubna,23,Safi
Aya,23,Safi
Amine,26,Tangier
Karim,29,El Jadida
Adam,55,Safi
Omar,47,Sale
Youssef,67,Sale
Amine,54,Casablanca
Amine,63,Tetouan
Yahya,71,Fes
Khadija,15,Nador
Reda,59,Meknes
Nadia,17,Tetouan
Ayoub,61,Marrakech
Loubna,72,Fes
Anas,17,El Jadida
Idriss,71,Rabat
Youssef,30,El Jadida
Youssef,34,Kenitra
Zakaria,75,Fes
Fatima,57,Meknes
Khadija,24,Oujda
Cedric,62,Nador
Aya,74,Agadir
Carol,27,Marrakech
Tarik,60,Sale
Yasmina,34,Sale
Issam,47,Casablanca
Nadia,21,Safi
Youssef,50,Fes
Meryem,46,Marrakech
Anas,64,Marrakech
Abdel,61,Sale
Fatima,34,Meknes
Yahya,77,Beni Mellal
Bilal,17,Casablanca
Meryem,49,Tetouan
Widad,18,Tetouan
Bilal,38,Rabat
Karim,78,Casablanca
Idriss,75,Rabat
Tarik,64,Agadir
Zineb,65,Agadir
Alice,63,Beni Mellal
Elodie,51,Casablanca
Rayane,71,Kenitra
Carol,49,Casablanca
Amal,36,Casablanca
Issam,75,Agadir
Mounir,53,Fes
Yahya,48,Safi
Yasmina,60,Fes
Fatima,39,Oujda
Salwa,38,Oujda
Reda,63,Safi
Sofia,70,Tangier
Reda,34,Tangier
Reda,31,Agadir
Elodie,62,Kenitra
Khadija,67,El Jadida
Alice,68,Rabat
Youssef,20,Oujda
Salma,35,El Jadida
Reda,31,Tangier
Zineb,49,Rabat
Hanae,21,Kenitra
Hamza,24,Marrakech
Yahya,74,Meknes
Loubna,35,Oujda
Imane,60,Beni Mellal
Hanae,78,Kenitra
Lina,49,Kenitra
Youssef,51,Tetouan
Amine,39,Tangier
Mohamed,80,Casablanca
Bob,33,Sale
Imane,28,Tetouan
Alice,77,Tetouan
Zakaria,20,Nador
Ayoub,27,Safi
Cedric,78,Tetouan
Ayoub,69,Meknes
Douae,78,Casablanca
Reda,62,Kenitra
Yahya,58,Safi
Tarik,33,Nador
Salma,71,Casablanca
Salwa,80,Tangier
Adam,66,Casablanca
Yahya,57,Agadir
Mohamed,27,Fes
Ayoub,54,Agadir
Ayoub,64,Rabat
Zakaria,22,Meknes
Amal,59,Tangier
Youssef,20,Meknes
Loubna,26,Safi
Alice,57,Fes
Zakaria,44,Beni Mellal
Rachid,49,Casablanca
Imane,79,Meknes
Amine,78,Tangier
Mehdi,18,Casablanca
Lina,58,Tangier
Zakaria,48,Safi
Amal,68,Meknes
Elodie,34,Sale
Amal,19,Agadir
Mohamed,56,Kenitra
Bob,24,Rabat
Idriss,64,Oujda
Omar,44,Rabat
Alice,25,Sale
Sabrina,72,Casablanca
Hamza,47,Tangier
Anas,32,Marrakech
Reda,16,Tetouan
Mohamed,25,Oujda
Lina,53,Nador
Jawad,75,Fes
Elodie,25,Nador
Douae,76,Nador
Imane,56,Marrakech
Noura,61,Tetouan
Reda,17,Agadir
Mohamed,47,Kenitra
Yahya,40,Fes
Maryam,43,Marrakech
Salwa,67,Kenitra
Alice,64,El Jadida
Hamza,24,Oujda
Lina,79,Sale
Rachid,35,Kenitra
Reda,78,Tetouan
Carol,15,Meknes
Cedric,17,Marrakech
Abdel,62,Marrakech
Adam,75,Tangier
Cedric,53,Sale
Issam,40,Rabat
Karim,34,Nador
Nadia,38,Kenitra
Maryam,30,Casablanca
Amal,48,Rabat
Elodie,36,Agadir
Amal,38,Agadir
Abdel,51,Safi
Aya,28,Casablanca
Issam,73,Oujda
Amal,41,Fes
Elodie,38,Nador
Idriss,34,Sale
Issam,70,Tetouan
Meryem,51,El Jadida
Carol,21,Oujda
Douae,37,Kenitra
Omar,31,Oujda
Karim,78,El Jadida
Rayane,69,Marrakech
Jawad,44,Tangier
Zineb,61,El Jadida
Yasmina,62,Rabat
Salma,53,Casablanca
Meryem,77,Tangier
Issam,18,Casablanca
Sabrina,43,Marrakech
Abdel,71,Kenitra
Mohamed,55,Rabat
Khadija,60,Fes
Omar,17,Tangier
Amine,76,Agadir
Khadija,43,El Jadida
Elodie,40,Fes
Youssef,59,Safi
Amine,38,Meknes
Amal,49,Nador
Abdel,44,Fes
Elodie,16,Kenitra
Yahya,59,Marrakech
Yasmina,47,Casablanca
Meryem,23,Kenitra
Tarik,26,Casablanca
Omar,54,Tetouan
Khadija,78,Casablanca
Amal,64,Rabat
Issam,20,Oujda
Widad,46,Rabat
Yassine,34,Kenitra
Youssef,53,Nador
Abdel,31,Safi
Meryem,35,Nador
Lina,36,Kenitra
Hamza,15,Rabat
Karim,53,Beni Mellal
Karim,58,Tangier
Adam,33,Meknes
Rayane,25,Kenitra
Widad,70,Casablanca
Jawad,33,El Jadida
Sabrina,46,Tetouan
Sara,34,Fes
Jawad,41,Tetouan
Rachid,38,Agadir
Mohamed,50,Marrakech
Sara,49,Nador
Hamza,25,Tetouan
Fatima,62,Meknes
Sofia,43,Marrakech
Mehdi,75,Tangier
Loubna,48,Casablanca
Amal,33,Tangier
Amine,28,Meknes
Noura,45,Oujda
Abdel,27,Nador
Widad,63,Tetouan
Mounir,64,Meknes
Fatima,56,Marrakech
Mehdi,69,Safi
Karim,45,Nador
Anas,58,Tangier
Mehdi,34,El Jadida
Rayane,77,Meknes
Tarik,48,Meknes
Reda,57,Sale
Rayane,35,Tangier
Lina,67,Sale
Yassine,59,Rabat
Khadija,63,Nador
Yahya,48,Agadir
Issam,32,Safi
Maryam,36,El Jadida
Issam,56,Nador
Youssef,44,Safi
Adam,77,Oujda
Elodie,50,Beni Mellal
Idriss,67,Tangier
Hamza,76,Tetouan
Khadija,67,Beni Mellal
Karim,15,Kenitra
Cedric,45,Agadir
Abdel,67,Oujda
Amine,26,Meknes
Ayoub,56,Sale
Sofia,34,Fes
Douae,22,Sale
Yahya,26,Oujda
Ayoub,48,Sale
Yahya,50,Fes
Sara,30,Tangier
Widad,44,Tetouan
Zineb,21,Beni Mellal
Adam,49,Rabat
Alice,43,Fes
Yasmina,50,Rabat
Jawad,54,Tetouan
Karim,33,Sale
Salma,40,El Jadida
Lina,20,Beni Mellal
Amal,74,Oujda
Douae,46,Beni Mellal
Hanae,19,Rabat
Carol,34,Oujda
Lina,51,Kenitra
Amine,75,Safi
Jawad,30,Beni Mellal
Amine,19,Nador
Bilal,66,Beni Mellal
Jawad,52,Casablanca
Hanae,79,Casablanca
Bob,56,Tetouan
Douae,21,Beni Mellal
Maryam,72,Tangier
Elodie,67,Meknes
Idriss,77,Sale
Sara,60,Tangier
Youssef,48,El Jadida
Elodie,25,El Jadida
Zineb,28,Sale
Cedric,77,Tangier
Omar,31,Meknes
Mehdi,37,Nador
Sabrina,58,El Jadida
Abdel,44,Fes
Aya,53,Meknes
Reda,32,El Jadida
Salma,65,Nador
Noura,62,Tangier
Rachid,16,Tangier
Abdel,53,Nador
Salma,43,Nador
Elodie,72,Kenitra
Elodie,30,Tetouan
Hanae,23,Casablanca
Yasmina,33,Marrakech
Aya,48,Kenitra
Tarik,61,Beni Mellal
Loubna,63,Rabat
Reda,49,Kenitra
Jawad,18,Meknes
Houda,24,Marrakech
Yahya,51,Casablanca
Houda,47,Sale
Zakaria,55,Casablanca
Nadia,44,Tetouan
Loubna,76,Agadir
Rayane,57,Tangier
Douae,32,Nador
Sabrina,40,Sale
Zakaria,40,Fes
Alice,25,Rabat
Karim,38,Beni Mellal
Sabrina,63,Sale
Youssef,18,Casablanca
Loubna,69,Marrakech
Douae,59,Meknes
Tarik,64,Tetouan
Sara,44,Agadir
Hanae,50,Nador
Nadia,79,Rabat
Karim,62,Marrakech
Lina,62,Agadir
Widad,74,Marrakech
Mohamed,75,Rabat
Amal,37,Kenitra
Aya,17,Agadir
Hanae,17,Sale
Maryam,27,Tetouan
Zakaria,75,Sale
Hanae,48,El Jadida
Omar,63,Safi
Amine,65,Fes
Douae,47,Marrakech
Sofia,20,Safi
Mehdi,74,El Jadida
Maryam,40,Marrakech
Abdel,34,Tangier
Idriss,42,Beni Mellal
Houda,73,Tangier
Yassine,56,El Jadida
Issam,18,Fes
Imane,50,Rabat
Idriss,24,Kenitra
Salma,54,Kenitra
Zineb,25,Beni Mellal
Yahya,29,Meknes
Abdel,36,Tangier
Noura,79,Oujda
Karim,60,Meknes
Widad,21,Nador
Abdel,42,El Jadida
Karim,72,Casablanca
Rayane,74,Fes
Mohamed,80,Oujda
Salwa,51,Sale
Sabrina,21,Meknes
Cedric,49,Sale
Hamza,59,Meknes
Imane,26,Casablanca
Khadija,80,El Jadida
Loubna,53,Casablanca
Amal,44,Rabat
Bilal,17,Meknes
Yahya,51,Meknes
Douae,25,Fes
Imane,18,Agadir
Mounir,38,Kenitra
Carol,71,Kenitra
Mehdi,53,Safi
Tarik,16,Sale
Cedric,29,Nador
Salwa,66,Agadir
Mehdi,69,Marrakech
Salwa,31,Casablanca
Cedric,18,Beni Mellal
Adam,35,Tangier
Cedric,80,Marrakech
Sofia,57,Tetouan
Salma,69,Safi
Yassine,48,Nador
Idriss,25,Casablanca
Noura,78,Meknes
Rayane,41,Fes
Yahya,21,Oujda
Zineb,80,Marrakech
Salwa,19,El Jadida
Reda,70,Oujda
Hamza,53,Casablanca
Noura,37,Kenitra
Imane,32,Beni Mellal
Yasmina,62,Meknes
Hamza,21,Marrakech
Carol,39,Marrakech
Mohamed,78,Nador
Fatima,17,Nador
Loubna,34,Tetouan
Salwa,62,Safi
Yahya,71,Sale
Reda,27,Kenitra
Elodie,15,Tetouan
Meryem,22,Marrakech
Maryam,33,Fes
Yahya,22,Nador
Elodie,47,Sale
Amal,78,Nador
Zineb,21,Kenitra
Rachid,61,Casablanca
Douae,63,Kenitra
Nadia,62,Nador
Sofia,55,Nador
Mounir,18,Fes
Houda,75,El Jadida
Hanae,62,Safi
Mounir,78,Rabat
Issam,50,Oujda
Carol,29,Nador
Hanae,33,Marrakech
Bob,70,Meknes
Noura,69,Fes
Noura,28,Kenitra
Aya,33,Tangier
Cedric,46,Agadir
Zineb,32,Casablanca
Carol,51,Fes
Hanae,56,Safi
Jawad,24,Oujda
Zineb,25,Tangier
Cedric,71,Fes
Widad,47,Oujda
Carol,71,Marrakech
Houda,28,Tangier
Nadia,15,Sale
Bilal,68,Casablanca
Issam,62,Beni Mellal
Jawad,63,Sale
Amal,31,Oujda
Amine,63,Sale
Khadija,31,Casablanca
Carol,49,Agadir
Rachid,24,Beni Mellal
Hamza,33,Agadir
Sabrina,54,Fes
Jawad,52,Tetouan
Youssef,25,Meknes
Fatima,51,Agadir
Tarik,23,Marrakech
Sofia,22,Oujda
Elodie,47,Marrakech
Maryam,33,Beni Mellal
Yassine,26,Tangier
Hamza,51,Sale
Youssef,50,Agadir
Tarik,74,Rabat
Rayane,71,Sale
Reda,46,Kenitra
Adam,17,Sale
Reda,47,Fes
Karim,49,Casablanca
Meryem,31,Safi
Anas,51,Meknes
Rayane,39,Agadir
Omar,70,Tetouan
Mohamed,19,Casablanca
Elodie,80,Oujda
Cedric,30,Oujda
Amine,40,Casablanca
Amine,17,Oujda
Salma,72,Sale
Sara,75,Casablanca
Mohamed,35,Meknes
Yasmina,33,Fes
Widad,15,Tangier
Anas,47,Tetouan
Sabrina,61,Beni Mellal
Amal,56,Tangier
Khadija,37,Meknes
Issam,27,El Jadida
Issam,61,Tangier
Youssef,23,Tangier
Zakaria,16,Nador
Noura,15,Safi
Amal,36,Sale
Ayoub,23,Oujda
Issam,34,Nador
Lina,55,Fes
Anas,51,Oujda
Mehdi,76,Kenitra
Meryem,72,Marrakech
Idriss,73,Kenitra
Widad,65,Nador
Elodie,50,Agadir
Amal,39,Sale
Mehdi,80,Meknes
Issam,33,Oujda
Carol,15,Nador
Cedric,41,Marrakech
Khadija,66,Kenitra
Salma,50,Marrakech
Lina,70,Rabat
Mohamed,33,Agadir
Fatima,18,Fes
Adam,67,Safi
Idriss,58,Oujda
Mohamed,20,Kenitra
Sabrina,42,Tetouan
Adam,60,El Jadida
Hamza,45,Tangier
Aya,58,Beni Mellal
Imane,62,Casablanca
Lina,37,Tangier
Tarik,51,Sale
Loubna,57,Oujda
Jawad,61,Oujda
Rachid,50,Safi
Widad,48,Sale
Bob,35,Marrakech
Houda,15,Rabat
Anas,43,El Jadida
Sabrina,56,Fes
Rayane,19,Casablanca
Meryem,18,Meknes
Amal,22,Tangier
Widad,20,Safi
Maryam,48,Beni Mellal
Mohamed,20,Nador
Zakaria,58,Rabat
Anas,32,Agadir
Ayoub,75,Fes
Rayane,32,Marrakech
Douae,75,Casablanca
Jawad,45,Tetouan
Rachid,41,Tangier
Idriss,22,Fes
Khadija,28,Oujda
Adam,18,Tangier
Rachid,56,Fes
Ayoub,29,Beni Mellal
Hamza,22,Safi
Mohamed,71,Rabat
Cedric,37,El Jadida
Maryam,75,Rabat
Meryem,51,Casablanca
Adam,47,Sale
Idriss,35,Kenitra
Issam,21,Casablanca
Mehdi,50,Nador
Jawad,30,Tetouan
Hanae,16,Sale
Carol,56,Fes
Widad,48,Kenitra
Adam,44,Safi
Salwa,65,Meknes
Carol,55,Tangier
Houda,67,Marrakech
Yasmina,45,Nador
Idriss,46,Casablanca
Zakaria,44,Meknes
Anas,23,Marrakech
Hamza,56,Nador
Yassine,61,Nador
Amal,49,Beni Mellal
Rachid,20,El Jadida
Meryem,29,Meknes
Issam,24,Nador
Lina,41,Agadir
Mounir,22,Kenitra
Issam,55,Rabat
Adam,21,Casablanca
Hamza,20,Meknes
Bilal,35,Rabat
Rayane,52,Nador
Amine,63,Meknes
Fatima,49,Fes
Youssef,59,Oujda
Yasmina,78,Meknes
Maryam,73,Safi
Yasmina,62,Tangier
Adam,61,Marrakech
Issam,38,Agadir
Yahya,75,Beni Mellal
Salwa,19,Nador
Mehdi,40,Kenitra
Alice,68,Tetouan
Rachid,39,Kenitra
Khadija,62,Beni Mellal
Douae,58,Rabat
Issam,69,Oujda
Noura,15,Kenitra
Mohamed,17,Nador
Widad,67,Fes
Jawad,29,Tetouan
Rayane,50,Kenitra
Zineb,47,Kenitra
Zakaria,40,Marrakech
Youssef,48,Fes
Douae,26,Beni Mellal
Fatima,72,Sale
Imane,25,Marrakech
Hanae,77,Marrakech
Karim,50,Fes
Amal,27,Casablanca
Anas,35,Rabat
Elodie,66,Rabat
Adam,52,Rabat
Amine,17,Agadir
Omar,48,Tangier
Salma,63,El Jadida
Ayoub,60,Nador
Bilal,52,Casablanca
Mounir,54,Kenitra
Salwa,16,Beni Mellal
Nadia,17,Rabat
Youssef,68,Oujda
Nadia,75,Agadir
Abdel,67,Meknes
Salwa,61,Marrakech
Yasmina,59,Agadir
Amine,19,El Jadida
Aya,69,Tangier
Sara,53,Safi
Omar,47,Rabat
Noura,69,Kenitra
Nadia,38,Casablanca
Hamza,17,Sale
Imane,17,El Jadida
Yassine,19,Nador
Sofia,25,El Jadida
Douae,70,Nador
Rachid,78,Beni Mellal
Rachid,63,Oujda
Bilal,80,Oujda
Yassine,21,Agadir
Hamza,29,Beni Mellal
Meryem,35,Fes
Fatima,43,Tetouan
Zakaria,33,Casablanca
Elodie,16,Safi
Reda,45,Agadir
Ayoub,27,Tetouan
Hamza,44,El Jadida
Noura,19,Tetouan
Hanae,51,Casablanca
Aya,69,Beni Mellal
Rayane,30,El Jadida
Yahya,72,El Jadida
Mounir,66,Agadir
Imane,42,Sale
Douae,25,Sale
Yassine,19,Kenitra
Abdel,53,Nador
Issam,80,Safi
Omar,25,Oujda
Zakaria,37,Nador
Noura,31,Agadir
Sara,54,Safi
Ayoub,60,Kenitra
Amine,39,Fes
Salma,77,Casablanca
Mehdi,59,Nador
Douae,36,Tangier
Mounir,59,Oujda
Alice,56,Oujda
Sara,68,Sale
Reda,65,Agadir
Salwa,61,Rabat
Hamza,69,Kenitra
Douae,52,Fes
Sabrina,30,Oujda
Salwa,48,Casablanca
Zakaria,76,Tangier
Zineb,69,Casablanca
Rayane,20,Kenitra
Nadia,19,Beni Mellal
Tarik,68,Nador
Jawad,78,Tetouan
Sabrina,63,Oujda
Ayoub,77,El Jadida
Adam,80,Safi
Omar,51,Agadir
Carol,47,Marrakech
Mehdi,38,Nador
Salma,33,Beni Mellal
Idriss,23,Tetouan
Amine,16,Safi
Reda,38,Safi
Aya,21,Oujda
Noura,52,Safi
Abdel,71,Beni Mellal
Reda,79,El Jadida
Anas,34,Tangier
Fatima,25,Kenitra
Widad,39,Agadir
Alice,55,Sale
Mohamed,49,Tetouan
Reda,34,Nador
Omar,64,Tetouan
Elodie,55,Agadir
Mehdi,44,Nador
Adam,39,Tangier
Ayoub,56,Meknes
Omar,25,El Jadida
Sara,45,Nador
Khadija,65,Beni Mellal
Karim,46,Tangier
Amine,76,Casablanca
Khadija,28,Kenitra
Youssef,48,Oujda
Mehdi,33,Sale
Youssef,76,Sale
Mohamed,46,Casablanca
Sabrina,22,Beni Mellal
Rayane,50,Fes
Issam,49,El Jadida
Carol,76,Beni Mellal
Mohamed,59,Rabat
Cedric,55,Tangier
Ayoub,27,Rabat
Sabrina,70,Marrakech
Youssef,75,Nador
Khadija,16,Tangier
Khadija,49,Meknes
Elodie,38,Fes
Mounir,26,Fes
Bilal,41,Sale
Amal,16,Kenitra
Hamza,51,Kenitra
Salwa,21,Meknes
Mehdi,65,Meknes
Widad,15,Meknes
Jawad,36,Tetouan
Yassine,55,Tangier
Zineb,72,Agadir
Bilal,58,Meknes
Issam,45,Agadir
Omar,28,Safi
Yassine,31,El Jadida
Tarik,70,Fes
Imane,56,Nador
Nadia,79,Safi
Alice,24,Fes
Omar,59,El Jadida
Issam,28,Safi
Mehdi,39,Rabat
Rachid,51,Nador
Anas,65,Tetouan
Loubna,20,Kenitra
Aya,38,Safi
Houda,33,Tangier
Salma,26,Beni Mellal
Noura,22,Nador
Yasmina,59,Tangier
Elodie,59,Safi
Noura,37,Beni Mellal
Alice,34,Nador
Bilal,42,Meknes
Yassine,16,Nador
Anas,37,Nador
Khadija,49,Safi
Noura,57,Fes
Lina,49,Casablanca
Abdel,55,Oujda
Hamza,46,Nador
Rayane,33,Marrakech
Loubna,32,Safi
Noura,47,Casablanca
Ayoub,65,Nador
Mehdi,67,Rabat
Omar,35,Safi
Alice,48,Rabat
Amal,41,Casablanca
Rayane,29,El Jadida
Sabrina,28,Sale
Reda,44,Beni Mellal
Maryam,19,Safi
Issam,41,Marrakech
Rachid,53,Casablanca
Zakaria,61,Nador
Mounir,27,Sale
Loubna,61,Meknes
Aya,29,Beni Mellal
Zakaria,60,Nador
Youssef,45,Casablanca
Douae,56,Meknes
Lina,33,Meknes
Yahya,66,Sale
Maryam,36,Nador
Bilal,71,Nador
Omar,80,Sale
Fatima,73,Casablanca
Sara,20,Tangier
Rayane,22,Oujda
Cedric,59,Fes
Jawad,61,Beni Mellal
Bob,30,Beni Mellal
Meryem,37,Agadir
Tarik,53,Agadir
Elodie,46,Fes
Rayane,67,Fes
Carol,55,Sale
Mehdi,76,Kenitra
Alice,68,Kenitra
Issam,80,Rabat
Sara,78,Marrakech
Adam,51,Tetouan
Sabrina,59,Tetouan
Cedric,39,Tetouan
Imane,53,Meknes
Sofia,22,Tetouan
Fatima,80,Meknes
Jawad,76,Marrakech
Bilal,59,Safi
Lina,16,Agadir
Maryam,79,Fes
Salma,45,Tetouan
Karim,57,Nador
Meryem,43,Marrakech
Meryem,20,Oujda
Carol,74,Fes
Imane,39,Sale
Sabrina,57,Beni Mellal
Jawad,30,Casablanca
Bob,58,Nador
Jawad,54,Tetouan
Mehdi,51,Fes
Imane,17,Marrakech
Yasmina,37,Tangier
Bilal,40,Kenitra
Nadia,21,El Jadida
Widad,57,Safi
Idriss,20,Tetouan
Amal,45,Fes
Lina,41,Oujda
Reda,32,Beni Mellal
Carol,74,El Jadida
Yassine,52,Tangier
Jawad,65,Nador
Hamza,55,Casablanca
Hamza,32,Oujda
Houda,57,Marrakech
Khadija,28,Casablanca
Omar,42,Tangier
Alice,46,Marrakech
Carol,75,Tetouan
Ayoub,19,Marrakech
Aya,57,Tangier
Amal,63,Kenitra
Karim,78,Nador
Ayoub,27,Tangier
Reda,46,Rabat
Youssef,75,Safi
Sara,42,Casablanca
Sabrina,76,Tangier
Zineb,45,Marrakech
Houda,67,El Jadida
Salma,37,Kenitra
Cedric,64,Tetouan
Issam,63,Nador
Noura,72,Oujda
Rachid,29,Oujda
Carol,41,Beni Mellal
Ayoub,79,Casablanca
Jawad,67,Tetouan
Alice,50,Sale
Alice,39,Oujda
Houda,72,Rabat
Bob,58,El Jadida
Yahya,57,Sale
Amine,35,Rabat
Loubna,48,Kenitra
Abdel,67,Sale
Salma,34,Marrakech
Sara,51,El Jadida
Widad,40,Kenitra
Douae,78,Oujda
Douae,65,Fes
Mohamed,24,Beni Mellal
Youssef,23,Kenitra
Rayane,22,Safi
Anas,36,Sale
Widad,80,Meknes
Sara,28,Safi
Alice,65,Marrakech
Mehdi,38,Meknes
Adam,27,Meknes
Imane,16,Sale
Mounir,57,Kenitra
Widad,29,Fes
Amine,63,Sale
Fatima,70,Rabat
Karim,69,Oujda
Rachid,15,Fes
Anas,68,Safi
Yassine,74,Casablanca
Anas,44,Safi
Yasmina,63,Beni Mellal
Imane,22,Marrakech
Sara,64,Sale
Fatima,15,Safi
Douae,49,Tangier
Youssef,73,Nador
Douae,72,Tangier
Omar,27,Rabat
Ayoub,15,Oujda
Douae,17,Safi
Salwa,51,Safi
Noura,74,Beni Mellal
Zakaria,69,Sale
Sara,30,Marrakech
Tarik,16,Casablanca
Reda,38,Meknes
Imane,42,Casablanca
Sara,39,Kenitra
Salma,51,Kenitra
Issam,42,Marrakech
Loubna,26,Sale
Yahya,54,Agadir
Alice,36,Tetouan
Yassine,37,Casablanca
Mehdi,69,Tetouan
Houda,52,Rabat
Khadija,33,Tetouan
Yahya,55,Tetouan
Zakaria,44,Rabat
Mehdi,37,Fes
Houda,78,Agadir
Reda,28,Marrakech
Lina,55,Agadir
Tarik,54,Casablanca
Yasmina,69,Marrakech
Cedric,74,Kenitra
Sabrina,68,Beni Mellal
Rayane,55,Rabat
Yassine,78,Kenitra
Sara,28,Rabat
Anas,69,Beni Mellal
Anas,16,Fes
Sofia,53,Tetouan
Amine,19,Beni Mellal
Meryem,54,Sale
Reda,31,Safi
Tarik,64,Kenitra
Sofia,30,Tangier
Adam,18,Fes
Imane,24,Oujda
Mounir,33,Agadir
Anas,33,Safi
Carol,40,Safi
Amal,37,Meknes
Yahya,40,Safi
Bob,57,Casablanca
Yassine,71,Sale
Meryem,50,Agadir
Reda,57,Kenitra
Yassine,76,Beni Mellal
Bob,38,Agadir
Adam,18,Safi
Tarik,46,Meknes
Ayoub,52,El Jadida
Alice,70,Agadir
Hamza,60,El Jadida
Hanae,36,Agadir
Adam,68,Meknes
Tarik,65,Safi
Sabrina,57,Tetouan
Mehdi,53,Agadir
Abdel,59,Beni Mellal
Loubna,53,Meknes
Sabrina,46,Rabat
Bilal,52,Meknes
Jawad,64,Sale
Youssef,40,Beni Mellal
Zakaria,59,Tetouan
Tarik,59,Kenitra
Khadija,68,Meknes
Carol,55,El Jadida
Bilal,61,Beni Mellal
Rayane,27,Rabat
Maryam,38,Marrakech
Salwa,70,El Jadida
Salma,58,Oujda
Cedric,61,Casablanca
Bob,73,Oujda
Bilal,44,Nador
Loubna,32,Casablanca
Houda,61,Safi
Carol,74,Nador
Zineb,15,El Jadida
Karim,44,Kenitra
Tarik,58,Casablanca
Jawad,28,El Jadida
Issam,35,Casablanca
Imane,27,Marrakech
Anas,15,Sale
Amine,80,Oujda
Sara,50,Nador
Rachid,77,Tetouan
Zineb,46,Beni Mellal
Cedric,75,Tetouan
Lina,59,Oujda
Yassine,47,Oujda
Hamza,70,Oujda
Youssef,21,Beni Mellal
Cedric,25,Tangier
Yasmina,66,Nador
Fatima,65,Casablanca
Reda,30,Nador
Sofia,40,Sale
Lina,48,Sale
Ayoub,67,Fes
Lina,75,Tangier
Jawad,67,Tangier
Mounir,37,Rabat
Alice,15,Agadir
Cedric,26,Safi
Fatima,58,Sale
Youssef,69,Rabat
Sofia,65,Agadir
Zineb,69,Marrakech
Mounir,72,Meknes
Mounir,27,Meknes
Tarik,54,Oujda
Alice,70,Beni Mellal
Lina,56,Agadir
Jawad,54,Oujda
Aya,58,Oujda
Yahya,30,El Jadida
Bob,68,Beni Mellal
Hamza,63,Rabat
Sara,48,Beni Mellal
Maryam,80,Tangier
Widad,47,El Jadida
Fatima,42,Kenitra
Salwa,23,El Jadida
Amal,61,Rabat
Zakaria,66,Rabat
Nadia,71,Rabat
Ayoub,53,Tetouan
Yassine,47,Fes
Zineb,36,Nador
Sara,75,Meknes
Alice,77,Tetouan
Sabrina,16,Marrakech
Rayane,37,Oujda
Sofia,40,Marrakech
Carol,35,Marrakech
Issam,48,Beni Mellal
Elodie,71,Tetouan
Hanae,49,Agadir
Widad,38,Beni Mellal
Houda,68,Marrakech
Amal,44,Oujda
Aya,61,Safi
Amine,66,Safi
Carol,69,Tangier
Yahya,32,Rabat
Salwa,42,Rabat
Salma,51,El Jadida
Douae,21,Casablanca
Bilal,29,Agadir
Hamza,22,Tetouan
Omar,77,Tangier
Rachid,76,Beni Mellal
Ayoub,52,Kenitra
Lina,28,Sale
Nadia,77,Casablanca
Fatima,71,Oujda
Nadia,35,Beni Mellal
Abdel,27,Oujda
Anas,67,Fes
Rachid,67,Tangier
Zineb,37,Sale
Sara,76,Nador
Elodie,67,Meknes
Anas,57,El Jadida
Noura,73,Fes
Sara,61,Rabat
Alice,52,Fes
Khadija,15,El Jadida
Zakaria,35,Safi
Anas,72,Rabat
Amine,63,Safi
Omar,17,Nador
Carol,22,Casablanca
Khadija,24,Casablanca
Yahya,78,Tetouan
Sara,29,Meknes
Douae,26,Marrakech
Nadia,24,Oujda
Fatima,24,Meknes
Jawad,39,Tetouan
Omar,62,Nador
Mehdi,60,Nador
Sara,46,El Jadida
Yassine,17,Kenitra
Rachid,70,Agadir
Karim,31,Casablanca
Rachid,57,Marrakech
Houda,39,Sale
Carol,38,Kenitra
Salwa,80,Nador
Tarik,27,Safi
Lina,18,Agadir
Fatima,62,Meknes
Zakaria,80,Safi
Yassine,43,Rabat
Mounir,19,Meknes
Abdel,68,Nador
Anas,61,Sale
Tarik,59,Fes
Salma,25,Meknes
Zineb,51,Tangier
Sabrina,76,El Jadida
Widad,66,Safi
Alice,26,Tangier
Hanae,42,Tetouan
Adam,80,Beni Mellal
Tarik,50,Meknes
Imane,63,Rabat
Alice,32,Tangier
Bob,69,Fes
Youssef,73,Kenitra
Sabrina,42,Agadir
Salma,49,Tangier
Imane,59,Meknes
Aya,68,Tetouan
Lina,47,Meknes
Youssef,27,Sale
Maryam,60,Tetouan
Bob,16,El Jadida
Karim,77,Sale
Adam,68,Beni Mellal
Maryam,76,Meknes
Cedric,70,Casablanca
Hamza,21,Tangier
Houda,31,Nador
Alice,67,Nador
Tarik,57,Safi
Nadia,78,Tetouan
Bilal,59,Rabat
Sabrina,75,Fes
Reda,76,Kenitra
Abdel,77,El Jadida
Adam,20,Nador
Zineb,41,Tetouan
Anas,70,Marrakech
Nadia,77,Agadir
Meryem,16,Oujda
Douae,65,Meknes
Ayoub,24,El Jadida
Karim,62,Oujda
Omar,15,Beni Mellal
Sofia,55,Rabat
Ayoub,57,Meknes
Alice,58,Sale
Bob,29,Oujda
Fatima,76,Marrakech
Tarik,46,Sale
Meryem,28,Nador
Rachid,60,Rabat
Anas,75,Safi
Alice,18,Fes
Sofia,29,Fes
Amal,58,Oujda
Douae,36,Meknes
Fatima,63,Fes
Mounir,72,Kenitra
Youssef,65,Oujda
Zakaria,64,Oujda
Salwa,38,El Jadida
Carol,46,Nador
Elodie,55,Sale
Salwa,15,Tetouan
Adam,42,Beni Mellal
Widad,42,Meknes
Ayoub,56,Rabat
Maryam,56,Agadir
Salwa,57,El Jadida
Reda,28,Rabat
Noura,32,Meknes
Fatima,20,El Jadida
Noura,59,Rabat
Karim,75,Sale
Noura,54,Sale
Meryem,25,Agadir
Tarik,30,Fes
Yahya,71,Marrakech
Sara,24,Sale
Adam,48,El Jadida
Sara,40,Agadir
Amine,76,Safi
Karim,30,Meknes
Fatima,31,Safi
Sara,53,Sale
Houda,68,Casablanca
Zakaria,67,Tangier
Lina,19,Beni Mellal
Abdel,57,Agadir
Mehdi,17,Beni Mellal
Fatima,30,Rabat
Adam,29,Kenitra
Imane,16,Tetouan
Elodie,43,Nador
Fatima,43,Beni Mellal
Noura,70,Meknes
Maryam,56,Meknes
Amal,55,Sale
Adam,62,Meknes
Idriss,65,Meknes
Zineb,23,Rabat
Lina,15,Casablanca
Noura,64,Fes
Khadija,25,Safi
Lina,64,Fes
Amine,30,Tetouan
Elodie,29,El Jadida
Fatima,66,Agadir
Sofia,42,Tetouan
Houda,15,Tangier
Hamza,71,Oujda
Lina,58,Meknes
Meryem,65,Agadir
Sabrina,80,Marrakech
Douae,30,Tangier
Tarik,37,El Jadida
Adam,66,Tangier
Bilal,44,Kenitra
Yassine,27,Fes
Issam,64,Kenitra
Rayane,24,Sale
Loubna,77,Meknes
Salwa,79,Marrakech
Carol,69,Tangier
Nadia,17,Oujda
Amal,29,Kenitra
Yahya,20,Marrakech
Issam,21,Oujda
Alice,50,Agadir
Amal,74,Tangier
Cedric,79,Casablanca
Jawad,52,El Jadida
Lina,17,Meknes
Khadija,15,Fes
Issam,34,Beni Mellal
Alice,45,Agadir
Zineb,65,Beni Mellal
Hanae,69,Sale
Mounir,56,Casablanca
Aya,72,Agadir
Ayoub,69,Marrakech
Reda,21,El Jadida
Houda,39,Tangier
Lina,38,Rabat
Imane,65,Marrakech
Amal,80,El Jadida
Anas,80,Marrakech
Alice,39,Rabat
Mounir,26,Rabat
Adam,37,Beni Mellal
Widad,72,Rabat
Loubna,34,Rabat
Anas,25,Rabat
Omar,52,Marrakech
Yahya,78,Agadir
Hanae,48,Marrakech
Noura,66,Tetouan
Hamza,29,Nador
Zineb,72,Agadir
Sabrina,21,Nador
Amal,21,Casablanca
Salwa,50,Tangier
Alice,42,Tangier
Douae,44,El Jadida
Reda,26,Agadir
Elodie,20,Agadir
Zakaria,62,Sale
Youssef,65,Kenitra
Karim,53,Tetouan
Imane,50,Agadir
Amal,36,Casablanca
Anas,41,Tangier
Carol,40,Agadir
Yahya,66,Marrakech
Noura,60,Fes
Abdel,55,Casablanca
Houda,37,Safi
Carol,29,Fes
Hamza,56,Fes
Yassine,30,Beni Mellal
Widad,62,Nador
Carol,27,Marrakech
Issam,37,Safi
Sabrina,76,Sale
Elodie,67,Beni Mellal
Noura,46,Marrakech
Nadia,48,Beni Mellal
Noura,70,Rabat
Mohamed,59,Marrakech
Bilal,17,Safi
Fatima,53,Rabat
Yassine,21,Casablanca
Hamza,51,Tangier
Hamza,17,Meknes
Imane,48,Agadir
Sara,18,Agadir
Idriss,58,Rabat
Salma,32,Sale
Cedric,30,Nador
Yasmina,41,Tangier
Alice,20,Meknes
Alice,68,Fes
Tarik,48,Sale
Ayoub,39,Nador
Amine,80,Tangier
Bilal,35,Meknes
Hanae,51,Tetouan
Bilal,31,Fes
Reda,72,Meknes
Idriss,47,El Jadida
Mehdi,51,Rabat
Cedric,29,Beni Mellal
Cedric,33,Sale
Carol,50,Kenitra
Amal,50,Meknes
Hamza,60,Meknes
Salma,33,Nador
Tarik,73,El Jadida
Douae,35,El Jadida
Yahya,41,Beni Mellal
Carol,22,Casablanca
Jawad,61,El Jadida
Hanae,54,Safi
Salwa,63,Casablanca
Mohamed,62,Casablanca
Carol,79,Sale
Sara,39,Rabat
Bob,26,Oujda
Douae,57,Tetouan
Imane,19,Nador
Omar,18,Nador
Meryem,15,Agadir
Salwa,71,El Jadida
Yassine,45,Marrakech
Mounir,62,Kenitra
Douae,74,Rabat
Widad,71,Fes
Omar,69,Casablanca
Meryem,15,Nador
Hanae,77,Casablanca
Khadija,46,Tangier
Jawad,41,Sale
Fatima,73,Sale
Reda,49,Marrakech
Loubna,56,Nador
Omar,49,Agadir
Yasmina,15,Safi
Aya,46,Oujda
Amine,15,Oujda
Jawad,15,Casablanca
Aya,64,Nador
Hanae,35,Beni Mellal
Tarik,58,Meknes
Loubna,66,Casablanca
Houda,29,Meknes
Nadia,30,Rabat
Fatima,57,Tangier
Yassine,22,Beni Mellal
Karim,59,Casablanca
Karim,33,Agadir
Houda,33,Nador
Amal,22,Safi
Nadia,20,Meknes
Yahya,51,Nador
Rachid,67,Oujda
Zakaria,16,Oujda
Ayoub,39,Safi
Bob,63,Fes
Mounir,16,Tetouan
Cedric,46,Tetouan
Cedric,31,Fes
Douae,43,Tangier
Fatima,64,Marrakech
Tarik,80,Rabat
Ayoub,27,Marrakech
Sofia,36,Meknes
Amal,53,Tetouan
Meryem,42,Nador
Mohamed,42,Kenitra
Mounir,27,Marrakech
Rachid,30,Tetouan
Bilal,79,Meknes
Aya,30,Fes
Zakaria,54,Meknes
Fatima,37,Fes
Reda,24,Kenitra
Imane,74,Sale
Karim,32,Nador
Elodie,28,El Jadida
Houda,32,Casablanca
Sabrina,55,Kenitra
Bob,42,Safi
Tarik,27,Oujda
Issam,23,Marrakech
Sabrina,79,Beni Mellal
Lina,55,Marrakech
Tarik,17,Meknes
Alice,30,Meknes
Rayane,69,Beni Mellal
Amal,61,Safi
Yassine,18,Beni Mellal
Lina,66,Beni Mellal
Amal,22,Nador
Sofia,18,Beni Mellal
Karim,48,Safi
Noura,39,Meknes
Yahya,55,Kenitra
Meryem,74,Oujda
Zakaria,77,Fes
Anas,56,Kenitra
Issam,70,Tangier
Houda,35,Marrakech
Rachid,52,Rabat
Elodie,59,Tangier
Rachid,75,Beni Mellal
Zineb,60,Sale
Salwa,68,Agadir
Yasmina,66,Marrakech
Khadija,62,Rabat
Zakaria,57,El Jadida
Sofia,43,Tangier
Zineb,71,Oujda
Houda,71,Rabat
Bilal,44,Safi
Sara,77,Beni Mellal
Youssef,54,Beni Mellal
Salma,41,Oujda
Sofia,64,El Jadida
Fatima,21,Casablanca
Maryam,33,Kenitra
Yahya,42,Nador
Lina,38,Oujda
Bob,69,Casablanca
Issam,72,El Jadida
Salwa,69,Fes
Yasmina,53,El Jadida
Rachid,21,Marrakech
Rachid,46,Oujda
Noura,79,Sale
Yasmina,28,Safi
Rachid,18,Kenitra
Reda,65,Casablanca
Loubna,63,Kenitra
Bilal,18,Safi
Yahya,47,Kenitra
Idriss,21,Nador
Houda,45,Tangier
Hamza,31,Rabat
Yassine,65,Beni Mellal
Bilal,66,Fes
Amine,38,Tetouan
Karim,55,El Jadida
Hamza,76,Casablanca
Zineb,67,El Jadida
Salma,45,Casablanca
Zineb,30,Beni Mellal
Amal,25,Nador
Meryem,29,Safi
Hamza,75,Safi
Maryam,23,Casablanca
Sara,26,Beni Mellal
Nadia,23,Sale
Khadija,54,Nador
Amal,27,Rabat
Loubna,22,Sale
Yasmina,79,Safi
Fatima,24,Tangier
Cedric,80,Tetouan
Aya,68,Rabat
Loubna,20,Sale
Bob,69,El Jadida
Carol,31,Tetouan
Douae,17,Meknes
Adam,25,Tetouan
Omar,80,Beni Mellal
Amal,72,Marrakech
Youssef,52,Beni Mellal
Alice,33,Beni Mellal
Yassine,23,Rabat
Karim,62,Meknes
Amine,34,Tangier
Khadija,60,Fes
Lina,69,El Jadida
Carol,64,Nador
Yassine,66,Beni Mellal
Ayoub,71,Beni Mellal
Yasmina,66,Beni Mellal
Bob,67,Tangier
Meryem,16,Kenitra
Abdel,52,Marrakech
Idriss,54,Meknes
Alice,66,Nador
Omar,76,Meknes
Reda,37,Casablanca
Salma,16,El Jadida
Alice,50,Tangier
Alice,53,Meknes
Mehdi,57,Beni Mellal
Lina,50,Tangier
Elodie,42,Tetouan
Abdel,51,Oujda
Meryem,55,Rabat
Reda,45,Casablanca
Omar,66,Nador
Bilal,18,Agadir
Ayoub,66,Safi
Amal,64,Tangier
Youssef,68,Beni Mellal
Jawad,31,Beni Mellal
Rayane,56,Oujda
Lina,22,Tangier
Mohamed,68,Safi
Hanae,48,Agadir
Mohamed,41,Marrakech
Aya,74,Safi
Adam,48,Kenitra
Aya,47,Safi
Zakaria,33,Sale
Khadija,63,Safi
Anas,73,Fes
Nadia,29,El Jadida
Meryem,63,Sale
Maryam,17,Oujda
Mohamed,21,Meknes
Lina,19,Fes
Maryam,53,Nador
Mehdi,48,Safi
Adam,74,Rabat
Mounir,57,El Jadida
Widad,47,Marrakech
Carol,49,Tetouan
Carol,44,Rabat
Salma,63,Rabat
Fatima,76,Tangier
Lina,70,Fes
Yassine,38,Oujda
Zineb,64,Rabat
Jawad,20,Fes
Sofia,70,Meknes
Bilal,31,Marrakech
Jawad,53,Kenitra
Rachid,55,Kenitra
Yasmina,36,Tetouan
Rachid,26,El Jadida
Meryem,19,Kenitra
Anas,80,Casablanca
Meryem,17,Meknes
Reda,47,Safi
Yahya,28,Agadir
Hamza,42,Tetouan
Loubna,51,Tangier
Youssef,33,Fes
Yahya,28,Oujda
Hanae,67,Casablanca
Reda,27,Kenitra
Karim,21,Casablanca
Abdel,37,El Jadida
Salma,76,Oujda
Widad,30,Marrakech
Hanae,30,Agadir
Rachid,44,Nador
Alice,33,Tetouan
Adam,60,Safi
Nadia,37,Safi
Widad,78,Oujda
Hamza,80,Meknes
Khadija,55,Marrakech
Idriss,42,Marrakech
Issam,55,Tetouan
Imane,30,Casablanca
Anas,23,Beni Mellal
Widad,58,Fes
Rachid,55,Nador
Cedric,78,Agadir
Hamza,53,Beni Mellal
Carol,43,Beni Mellal
Cedric,53,Oujda
Issam,56,Tetouan
Karim,62,Casablanca
Abdel,30,Sale
Cedric,19,Agadir
Zakaria,76,Oujda
Abdel,80,Meknes
Loubna,21,Fes
Maryam,28,Tetouan
Bilal,27,El Jadida
Sara,61,Rabat
Yasmina,35,Tetouan
Abdel,48,Tangier
Lina,49,Beni Mellal
Adam,36,Fes
Hamza,80,Nador
Cedric,48,Tetouan
Hanae,30,Agadir
Mohamed,21,Tangier
Loubna,38,Agadir
Sabrina,55,Tangier
Mehdi,63,Tangier
Aya,35,Safi
Hanae,75,Agadir
Amal,44,Agadir
Lina,50,Safi
Alice,26,Oujda
Issam,62,Sale
Mehdi,34,Tangier
Zakaria,15,Oujda
Khadija,76,Rabat
Sara,43,Nador
Maryam,25,Kenitra
Widad,63,Sale
Fatima,27,Kenitra
Hamza,20,Safi
Cedric,33,Kenitra
Zakaria,71,Rabat
Nadia,26,Nador
Loubna,80,Agadir
Youssef,65,Meknes
Tarik,55,Beni Mellal
Anas,56,Casablanca
Tarik,79,Fes
Khadija,26,Agadir
Salwa,57,Tangier
Sara,78,Oujda
Bilal,64,Sale
Mohamed,44,Marrakech
Cedric,72,Oujda
Alice,50,Rabat
Rachid,66,Beni Mellal
Lina,53,Kenitra
Reda,78,Agadir
Issam,42,Meknes
Mehdi,51,Sale
Zakaria,59,Tangier
Lina,66,Casablanca
Nadia,39,Casablanca
Noura,74,Rabat
Ayoub,34,Safi
Issam,51,Agadir
Nadia,16,Agadir
Yassine,25,Casablanca
Sabrina,46,Casablanca
Issam,75,Meknes
Maryam,45,Nador
Maryam,30,Rabat
Zakaria,56,Safi
Fatima,76,Fes
Sabrina,67,Sale
Maryam,61,Tetouan
Bilal,80,Nador
Loubna,79,Kenitra
Anas,32,Tangier
Yassine,43,Meknes
Bob,44,Agadir
Bilal,26,Agadir
Imane,46,Casablanca
Amine,17,Nador
Yasmina,20,Marrakech
Alice,50,Fes
Rayane,51,Safi
Adam,19,Nador
Houda,50,Tangier
Adam,25,Beni Mellal
Yasmina,32,Rabat
Yassine,21,Tangier
Yahya,31,Tetouan
Hamza,22,Oujda
Reda,23,Beni Mellal
Sabrina,28,Nador
Houda,31,Sale
Rachid,20,Nador
Salwa,60,Fes
Salwa,30,Tetouan
Cedric,76,Meknes
Youssef,73,Safi
Zakaria,28,Beni Mellal
Reda,19,Meknes
Meryem,24,Agadir
Salwa,62,Beni Mellal
Cedric,48,Meknes
Noura,74,Nador
Salma,49,Rabat
Karim,76,Agadir
Omar,41,Casablanca
Cedric,32,Rabat
Douae,51,Oujda
Khadija,29,Casablanca
Douae,70,Rabat
Houda,41,Beni Mellal
Houda,15,Beni Mellal
Houda,52,Safi
Karim,39,Casablanca
Idriss,68,Fes
Reda,42,Meknes
Amine,48,Sale
Anas,65,Nador
Hamza,56,Rabat
Bilal,67,Meknes
Karim,60,Casablanca
Amal,68,Marrakech
Hamza,71,Nador
Houda,58,El Jadida
Anas,58,Nador
Khadija,46,Safi
Ayoub,52,El Jadida
Zakaria,36,Fes
Mounir,26,Tetouan
Youssef,29,Fes
Hanae,65,Safi
Yassine,15,Sale
Cedric,62,Casablanca
Hamza,39,Kenitra
Lina,23,El Jadida
Jawad,80,Marrakech
Elodie,19,Rabat
Idriss,67,Oujda
Yassine,54,Fes
Amal,27,Tetouan
Mounir,26,Tetouan
Tarik,57,Nador
Carol,68,Tetouan
Nadia,28,Safi
Meryem,58,Oujda
Salma,38,Rabat
Aya,58,Rabat
Mounir,19,Rabat
Hamza,39,Beni Mellal
Amine,80,Agadir
Karim,31,Tangier
Lina,63,Rabat
Douae,68,Tangier
Sabrina,68,Rabat
Houda,66,Nador
Rayane,59,Rabat
Alice,28,Oujda
Khadija,29,Tangier
Houda,80,Marrakech
Aya,35,Meknes
Yahya,46,El Jadida
Salma,73,Beni Mellal
Hamza,39,Nador
Alice,38,Kenitra
Amal,50,El Jadida
Elodie,19,Meknes
Anas,69,Sale
Abdel,51,Safi
Khadija,24,Casablanca
Elodie,75,Safi
Sara,42,Tangier
Nadia,15,Meknes
Rayane,28,Nador
Douae,25,Meknes
Hamza,15,El Jadida
Bilal,46,Sale
Yasmina,45,Nador
Abdel,29,Tangier
Noura,22,Nador
Alice,19,Safi
Yahya,30,Agadir
Khadija,76,Beni Mellal
Carol,48,Tangier
Salwa,54,El Jadida
Maryam,38,Sale
Rayane,54,Kenitra
Yahya,47,Sale
Adam,36,Agadir
Widad,33,Rabat
Alice,55,Nador
Maryam,39,Rabat
Rachid,80,Nador
Jawad,17,Marrakech
Douae,57,Beni Mellal
Rachid,24,El Jadida
Youssef,41,Nador
Abdel,28,Tangier
Lina,20,Kenitra
Youssef,53,Nador
Elodie,38,Tetouan
Meryem,17,Nador
Sofia,22,Oujda
Amal,32,Fes
Meryem,50,Kenitra
Yassine,15,El Jadida
Amal,28,Rabat
Noura,64,Nador
Karim,27,Agadir
Lina,17,Meknes
Tarik,19,Agadir
Alice,71,Sale
Idriss,25,Tetouan
Youssef,48,Casablanca
Sofia,38,Marrakech
Mounir,20,Sale
Cedric,74,Marrakech
Meryem,39,Fes
Zakaria,41,Kenitra
Meryem,44,El Jadida
Aya,32,Marrakech
Cedric,25,Rabat
Sabrina,63,Sale
Loubna,18,El Jadida
Hamza,56,Sale
Rachid,79,Agadir
Meryem,68,Marrakech
Meryem,41,Rabat
Nadia,68,Sale
Bob,32,Agadir
Sara,59,Sale
Issam,54,Oujda
Yahya,58,Oujda
Yahya,51,Fes
Elodie,21,El Jadida
Hamza,49,Safi
Bilal,53,Agadir
Mehdi,15,Tetouan
Zakaria,63,El Jadida
Sabrina,64,Fes
Mounir,75,Agadir
Hamza,66,Fes
Fatima,44,Casablanca
Idriss,28,Meknes
Nadia,68,Oujda
Issam,64,Meknes
Imane,79,Meknes
Sabrina,37,Sale
Bob,73,Sale
Sara,18,El Jadida
Rayane,80,Nador
Loubna,43,Tetouan
Ayoub,64,Meknes
Yassine,21,Marrakech
Amal,31,Fes
Omar,80,Rabat
Rayane,77,Beni Mellal
Amine,59,Safi
Bob,51,Kenitra
Issam,28,Nador
Amal,17,Fes
Mehdi,18,Oujda
Maryam,37,Fes
Reda,73,Casablanca
Cedric,68,Nador
Hamza,31,Marrakech
Karim,74,Nador
Aya,61,Marrakech
Loubna,69,Meknes
Fatima,69,Nador
Youssef,22,Kenitra
Idriss,65,Marrakech
Bilal,49,Rabat
Rachid,61,Tetouan
Abdel,65,Marrakech
Cedric,54,El Jadida
Douae,68,Meknes
Aya,45,Meknes
Elodie,29,Meknes
Imane,35,Oujda
Douae,33,Tangier
Aya,51,Safi
Houda,49,Casablanca
Abdel,50,Safi
Ayoub,25,Oujda
Hamza,59,Beni Mellal
Bob,74,Oujda
Houda,29,Casablanca
Noura,53,Tetouan
Salma,44,Kenitra
Meryem,41,Oujda
Cedric,31,Agadir
Rachid,35,Oujda
Karim,49,Marrakech
Widad,21,Oujda
Tarik,53,Meknes
Sara,65,Kenitra
Rayane,30,Agadir
Alice,44,Casablanca
Aya,74,Beni Mellal
Fatima,29,Marrakech
Aya,18,Rabat
Salwa,76,Nador
Hanae,20,Fes
Amal,63,Fes
Rachid,56,Marrakech
Meryem,17,Beni Mellal
Zineb,24,Sale
Elodie,39,Rabat
Hanae,77,El Jadida
Lina,58,Agadir
Salma,26,Meknes
Elodie,36,Casablanca
Fatima,16,Tetouan
Maryam,35,Sale
Khadija,58,Tangier
Bob,71,El Jadida
Yahya,63,El Jadida
Cedric,66,Casablanca
Idriss,48,Sale
Cedric,63,Beni Mellal
Omar,42,Agadir
Cedric,45,Kenitra
Youssef,26,Meknes
Sara,56,Casablanca
Adam,75,El Jadida
Cedric,68,Sale
Yasmina,64,Marrakech
Elodie,43,Nador
Tarik,34,Fes
Hamza,51,El Jadida
Lina,24,Meknes
Bilal,35,Nador
Anas,29,Oujda
Sabrina,78,Sale
Mounir,70,Marrakech
Jawad,56,El Jadida
Hamza,44,Sale
Cedric,35,Beni Mellal
Ayoub,22,Beni Mellal
Aya,42,Rabat
Khadija,70,Tetouan
Yassine,62,Tangier
Meryem,58,Tetouan
Sabrina,60,Tetouan
Mounir,62,Safi
Rayane,45,Tetouan
Abdel,61,Sale
Salwa,15,Marrakech
Rachid,40,El Jadida
Imane,67,Rabat
Ayoub,66,Safi
Bob,66,Marrakech
Sara,17,Marrakech
Sofia,21,Beni Mellal
Salma,32,Safi
Sara,46,Kenitra
Mehdi,47,Tetouan
Rayane,60,Sale
Aya,57,El Jadida
Aya,36,Fes
Sofia,44,El Jadida
Idriss,18,Nador
Abdel,45,Beni Mellal
Yasmina,35,Agadir
Aya,25,Tetouan
Amal,33,Safi
Lina,18,Nador
Salma,21,Meknes
Salwa,48,Marrakech
Youssef,50,Rabat
Imane,53,Sale
Issam,15,Tetouan
Omar,68,Oujda
Widad,33,Casablanca
Mohamed,50,Rabat
Hamza,74,Tangier
Omar,67,Fes
Sara,23,Meknes
Idriss,40,Fes
Tarik,74,Kenitra
Widad,63,Nador
Abdel,39,Sale
Amal,62,Rabat
Cedric,54,Tangier
Salwa,49,Safi
Douae,54,Kenitra
Fatima,34,Tetouan
Tarik,77,Safi
Hanae,29,Agadir
Idriss,37,Tetouan
Imane,51,Nador
Yasmina,80,Kenitra
Youssef,70,Rabat
Houda,49,Rabat
Lina,25,Oujda
Ayoub,51,Tetouan
Aya,48,Safi
Hanae,42,Kenitra
Yahya,33,Safi
Mehdi,16,Rabat
Anas,32,Fes
Tarik,59,Casablanca
Tarik,72,Kenitra
Salma,70,Safi
Rayane,59,Safi
Houda,26,Safi
Salwa,74,Sale
Jawad,76,El Jadida
Widad,47,Rabat
Karim,63,Sale
Meryem,73,El Jadida
Alice,27,Oujda
Hanae,69,Tangier
Khadija,36,Sale
Youssef,31,Sale
Alice,41,Safi
Abdel,46,Marrakech
Elodie,58,Rabat
Aya,41,Fes
Tarik,62,Rabat
Douae,30,Marrakech
Widad,47,Beni Mellal
Cedric,40,Tangier
Salwa,58,Fes
Zineb,39,Kenitra
Elodie,66,Sale
Rachid,68,Marrakech
Rayane,48,Oujda
Reda,65,Oujda
Yasmina,50,Safi
Douae,31,Marrakech
Imane,32,Marrakech
Tarik,31,Safi
Zakaria,18,Casablanca
Salma,33,El Jadida
Meryem,59,Meknes
Amine,47,Tetouan
Mohamed,41,Nador
Sara,48,Sale
Loubna,29,Safi
Amal,34,El Jadida
Amal,55,Agadir
Salma,16,Marrakech
Yassine,43,Kenitra
Douae,42,Safi
Sara,23,Oujda
Idriss,71,Marrakech
Sabrina,21,Casablanca
Khadija,32,El Jadida
Mehdi,28,Safi
Lina,60,Casablanca
Bob,16,Safi
Rachid,51,Tetouan
Idriss,47,Tetouan
Mehdi,22,Casablanca
Sara,63,Beni Mellal
Khadija,15,Fes
Mounir,43,Fes
Mohamed,65,Oujda
Abdel,50,Fes
Tarik,19,El Jadida
Adam,21,Safi
Mounir,73,Agadir
Elodie,76,Kenitra
Amine,15,Fes
Houda,65,Beni Mellal
Elodie,20,Tangier
Loubna,16,Oujda
Rayane,71,Oujda
Yasmina,40,Oujda
Tarik,38,Casablanca
Imane,72,Agadir
Widad,70,Casablanca
Imane,52,El Jadida
Amine,26,Marrakech
Abdel,77,Agadir
Alice,27,Casablanca
Nadia,68,Agadir
Jawad,60,Casablanca
Reda,78,Oujda
Mounir,71,Tangier
Rachid,43,Kenitra
Tarik,32,Rabat
Yahya,56,Nador
Cedric,60,Tangier
Yasmina,34,El Jadida
Fatima,53,Nador
Widad,58,Rabat
Salma,37,Kenitra
Tarik,45,Rabat
Rayane,28,Nador
Issam,67,Sale
Zineb,42,Safi
Mounir,31,Sale
Anas,19,Kenitra
Youssef,30,Marrakech
Sabrina,25,Fes
Mehdi,47,Fes
Zineb,59,Rabat
Karim,74,Marrakech
Carol,80,El Jadida
Cedric,51,Agadir
Carol,28,Nador
Hanae,37,Nador
Omar,55,Meknes
Hamza,52,Kenitra
Sofia,26,Marrakech
Maryam,54,Meknes
Hanae,27,Sale
Aya,43,Marrakech
Salwa,16,Tangier
Mohamed,45,Oujda
Loubna,35,Tangier
Fatima,17,Casablanca
Hamza,25,El Jadida
Mounir,20,Nador
Youssef,22,Marrakech
Noura,60,Sale
Elodie,56,Fes
Mounir,26,Fes
Zakaria,51,Safi
Issam,32,Meknes
Adam,45,Rabat
Youssef,37,Oujda
Sara,47,Rabat
Youssef,26,Agadir
Yassine,34,Marrakech
Widad,43,Meknes
Bob,76,Meknes
Abdel,58,El Jadida
Loubna,39,Rabat
Rachid,42,Tangier
Salma,46,Nador
Aya,25,Tetouan
Zakaria,80,Safi
Jawad,48,Rabat
Noura,75,Agadir
Sabrina,17,Nador
Salma,73,Marrakech
Yassine,63,Meknes
Elodie,51,Safi
Zineb,28,Beni Mellal
Fatima,76,Marrakech
Yasmina,69,Sale
Tarik,80,Marrakech
Aya,21,Agadir
Tarik,26,Agadir
Rachid,29,Safi
Lina,74,Fes
Salma,74,Tangier
Adam,66,Safi
Amine,47,Tetouan
Widad,41,Safi
Issam,62,Kenitra
Omar,75,Marrakech
Meryem,42,Casablanca
Meryem,65,Safi
Bilal,74,Kenitra
Douae,71,Fes
Carol,77,Meknes
Mohamed,72,Casablanca
Amine,35,Casablanca
Cedric,79,Tangier
Salwa,58,Sale
Mohamed,66,Agadir
Jawad,17,Meknes
Mohamed,55,Tangier
Imane,48,Marrakech
Zakaria,58,Nador
Mehdi,58,Tetouan
Anas,66,Agadir
Yassine,23,El Jadida
Salwa,50,Tetouan
Carol,67,Agadir
Tarik,29,Marrakech
Sara,16,Marrakech
Sara,18,El Jadida
Bob,40,Meknes
Abdel,38,Fes
Douae,70,Tetouan
Rachid,66,Meknes
Jawad,32,Nador
Salma,27,Tetouan
Reda,36,Tangier
Bilal,55,El Jadida
Carol,64,Meknes
Bob,57,Tetouan
Meryem,20,Tetouan
Widad,30,Agadir
Fatima,58,Safi
Aya,56,Sale
Sabrina,73,Casablanca
Omar,60,Beni Mellal
Hamza,70,El Jadida
Aya,47,Sale
Karim,37,Safi
Mounir,65,Tetouan
Sara,73,Rabat
Alice,42,Sale
Amal,16,Casablanca
Yassine,23,Tangier
Loubna,23,Sale
Abdel,63,Sale
Abdel,76,Casablanca
Zineb,66,El Jadida
Hanae,32,Kenitra
Loubna,49,Nador
Sofia,55,Nador
Rachid,41,Safi
Mounir,77,Tangier
Karim,41,Tetouan
Yahya,65,Sale
Karim,55,Fes
Bob,47,Tetouan
Youssef,60,El Jadida
Tarik,65,Marrakech
Rayane,29,Rabat
Omar,70,Tangier
Fatima,70,Tangier
Mohamed,62,Sale
Sabrina,35,Safi
Hamza,48,Tangier
Rayane,40,Casablanca
Sara,47,Tetouan
Hamza,70,Casablanca
Imane,52,Beni Mellal
Carol,54,Tetouan
Mohamed,22,Safi
Zineb,28,Kenitra
Rachid,68,Nador
Nadia,59,Nador
Sofia,20,Rabat
Widad,69,Rabat
Karim,25,Fes
Youssef,35,Sale
Aya,72,Beni Mellal
Yassine,70,Meknes
Amine,54,Marrakech
Sara,35,Rabat
Carol,73,Meknes
Cedric,30,Kenitra
Sara,72,El Jadida
Meryem,54,Safi
Widad,45,Safi
Issam,63,Agadir
Anas,52,El Jadida
Alice,71,Fes
Amine,59,Beni Mellal
Mohamed,57,Marrakech
Hanae,50,Safi
Alice,66,Beni Mellal
Loubna,38,Nador
Hanae,79,Agadir
Douae,63,Meknes
Hamza,57,Fes
Tarik,68,El Jadida
Yasmina,69,Safi
Rayane,17,Casablanca
Cedric,41,Kenitra
Reda,44,Oujda
Zakaria,79,Casablanca
Alice,70,Sale
Abdel,73,Fes
Mounir,45,Kenitra
Lina,21,Marrakech
Carol,36,Casablanca
Noura,21,El Jadida
Hamza,22,Sale
Alice,55,Safi
Ayoub,74,Beni Mellal
Lina,26,Tangier
Nadia,26,Safi
Hamza,30,El Jadida
Bilal,64,Nador
Yassine,25,Fes
Khadija,16,Nador
Yahya,74,Casablanca
Mounir,16,Fes
Rayane,48,El Jadida
Zineb,79,Oujda
Yahya,74,Beni Mellal
Idriss,24,Meknes
Carol,24,Nador
Lina,70,Marrakech
Hamza,74,Fes
Yahya,65,Beni Mellal
Adam,71,Kenitra
Abdel,79,Beni Mellal
Ayoub,71,Rabat
Khadija,69,Tetouan
Ayoub,73,Oujda
Noura,64,El Jadida
Yahya,17,Casablanca
Youssef,21,Nador
Alice,51,Marrakech
Cedric,33,Marrakech
Elodie,45,Safi
Douae,80,Marrakech
Sofia,23,Beni Mellal
Elodie,50,Meknes
Fatima,73,Meknes
Anas,46,Beni Mellal
Jawad,58,Rabat
Salwa,80,Sale
Sabrina,33,Safi
Zakaria,68,Agadir
Douae,76,Kenitra
Bob,26,Fes
Douae,79,Nador
Fatima,78,Tetouan
Ayoub,76,Tangier
Amal,76,Oujda
Tarik,63,Marrakech
Fatima,22,Tetouan
Cedric,46,Tangier
Bob,77,Sale
Lina,74,Meknes
Salwa,20,Tetouan
Zakaria,21,Sale
Sabrina,38,Tangier
Carol,62,Sale
Salwa,56,Marrakech
Hamza,31,Fes
Salwa,26,Marrakech
Zineb,67,El Jadida
Sabrina,20,Sale
Ayoub,72,Casablanca
Mehdi,64,Casablanca
Karim,39,El Jadida
Ayoub,79,El Jadida
Salwa,54,Fes
Noura,19,Fes
Yahya,43,El Jadida
Rayane,68,Sale
Lina,70,Sale
Hamza,27,Meknes
Hanae,65,Casablanca
Elodie,18,Tangier
Houda,72,Beni Mellal
Sofia,28,Oujda
Hamza,36,Meknes
Aya,15,Kenitra
Amal,64,Sale
Idriss,16,Tetouan
Jawad,48,Casablanca
Zineb,68,Nador
Adam,21,Rabat
Tarik,22,Oujda
Widad,49,Kenitra
Ayoub,23,Oujda
Maryam,34,Oujda
Noura,26,Tangier
Idriss,73,El Jadida
Fatima,49,Agadir
Amine,38,Safi
Lina,24,Kenitra
Idriss,23,Casablanca
Carol,33,Marrakech
Youssef,59,Oujda
Youssef,58,Tangier
Bob,68,Tetouan
Salwa,16,Sale
Idriss,31,Fes
Amine,75,Nador
Youssef,28,Kenitra
Meryem,80,Safi
Yassine,45,Fes
Elodie,45,Casablanca
Rachid,38,Casablanca
Omar,49,Tangier
Anas,38,Oujda
Lina,21,Sale
Abdel,17,Meknes
Alice,77,Nador
Nadia,71,Oujda
Fatima,79,Marrakech
Tarik,36,Sale
Houda,55,Oujda
Sara,17,Fes
Reda,39,Tetouan
Amal,36,Sale
Widad,34,Kenitra
Amal,61,Marrakech
Loubna,76,Beni Mellal
Idriss,44,Tangier
Aya,66,Tetouan
Hanae,16,Fes
Sabrina,51,Oujda
Widad,69,Safi
Alice,32,Casablanca
Adam,27,Tetouan
Yasmina,34,Tetouan
Rachid,39,Kenitra
Mohamed,41,Meknes
Sabrina,59,Fes
Zakaria,16,Rabat
Bilal,54,Oujda
Zakaria,69,Fes
Anas,65,Safi
Salwa,15,Agadir
Abdel,61,Agadir
Carol,49,Safi
Imane,64,Rabat
Douae,37,Agadir
Youssef,24,Tetouan
Omar,80,Nador
Abdel,21,El Jadida
Noura,36,Sale
Hanae,55,Fes
Karim,41,Tangier
Jawad,56,Fes
Sara,70,Sale
Widad,74,Rabat
Mohamed,43,Oujda
Alice,66,Oujda
Jawad,59,Sale
Meryem,26,Safi
Loubna,61,Nador
Mohamed,30,Fes
Issam,32,Nador
Lina,79,Fes
Sofia,18,Sale
Bob,78,Meknes
Douae,32,Marrakech
Zakaria,26,Tetouan
Tarik,53,Kenitra
Maryam,76,Beni Mellal
Bilal,52,Oujda
Meryem,79,Nador
Houda,44,Tetouan
Karim,19,Tetouan
Salma,33,Agadir
Douae,39,Sale
Tarik,69,Sale
Lina,69,Nador
Bilal,24,Tangier
Salma,21,Tetouan
Widad,38,Meknes
Cedric,60,Agadir
Fatima,73,Marrakech
Hanae,53,Tangier
Amal,55,Rabat
Houda,47,Nador
Nadia,57,Oujda
Widad,71,Marrakech
Hamza,35,Safi
Karim,18,El Jadida
Rayane,27,Fes
Sabrina,46,Sale
Karim,33,Kenitra
Carol,65,Tangier
Mohamed,66,Oujda
Mehdi,59,Oujda
Amal,30,Tetouan
Sofia,18,Agadir
Houda,16,Tangier
Nadia,64,Fes
Yasmina,69,El Jadida
Salma,40,Fes
Khadija,64,Rabat
Aya,24,Oujda
Karim,25,Nador
Zakaria,26,Marrakech
Ayoub,17,Tetouan
Salwa,55,El Jadida
Khadija,65,Rabat
Douae,48,Agadir
Nadia,21,Tangier
Hamza,39,Beni Mellal
Sofia,41,Fes
Widad,15,Nador
Youssef,29,Marrakech
Houda,36,Nador
Amine,61,El Jadida
Maryam,36,Sale
Zakaria,24,Oujda
Bob,20,Tetouan
Salma,32,Oujda
Bilal,33,Casablanca
Bilal,20,Safi
Yahya,20,Safi
Bilal,18,Casablanca
Zakaria,45,Fes
Amal,62,Agadir
Salma,36,Safi
Reda,67,Safi
Widad,48,Oujda
Meryem,55,Meknes
Meryem,53,Safi
Yasmina,40,Beni Mellal
Carol,65,Oujda
Omar,57,Tetouan
Youssef,62,Meknes
Bilal,80,Sale
Abdel,35,Fes
Mehdi,15,Beni Mellal
Houda,20,Tangier
Imane,71,Kenitra
Tarik,27,Tangier
Yassine,77,Tangier
Imane,19,Marrakech
Houda,59,Beni Mellal
Mehdi,24,Sale
Khadija,50,Marrakech
Aya,24,Tangier
Tarik,76,Meknes
Sabrina,52,Kenitra
Abdel,29,Meknes
Houda,65,Nador
Mohamed,51,Agadir
Rachid,55,Safi
Abdel,41,Nador
Reda,39,Tetouan
Maryam,80,El Jadida
Salma,32,Kenitra
Maryam,67,Sale
Youssef,80,Oujda
Khadija,48,Fes
Ayoub,46,El Jadida
Meryem,80,Nador
Carol,50,Kenitra
Hamza,17,Nador
Imane,59,Safi
Noura,77,Kenitra
Yasmina,51,Kenitra
Amal,51,Beni Mellal
Issam,17,Beni Mellal
Mehdi,53,Kenitra
Nadia,78,Marrakech
Maryam,75,Nador
Youssef,71,Fes
Zakaria,38,Agadir
Anas,16,Oujda
Reda,23,Marrakech
Cedric,46,Casablanca
Bilal,48,Beni Mellal
Abdel,26,Nador
Ayoub,80,Beni Mellal
Sabrina,71,Beni Mellal
Bob,16,Marrakech
Widad,73,Safi
Abdel,49,Marrakech
Mehdi,77,Rabat
Omar,44,Kenitra
Zakaria,26,Nador
Jawad,29,Marrakech
Mounir,48,Tangier
Rachid,54,Safi
Alice,27,El Jadida
Idriss,66,Tangier
Mounir,31,Beni Mellal
Khadija,66,Oujda
Adam,25,Beni Mellal
Sabrina,48,Kenitra
Meryem,61,Safi
Lina,26,El Jadida
Bob,21,Tetouan
Widad,48,Tangier
Reda,59,Meknes
Bob,68,Fes
Hamza,64,Rabat
Bilal,54,Rabat
Tarik,51,Fes
Yasmina,48,Marrakech
Khadija,52,Casablanca
Douae,41,Nador
Alice,56,Casablanca
Carol,41,Sale
Loubna,59,Safi
Yassine,52,Marrakech
Sabrina,36,Fes
Reda,62,Safi
Rayane,18,Marrakech
Tarik,69,Tetouan
Idriss,38,Kenitra
Tarik,58,Beni Mellal
Mounir,60,Meknes
Rayane,16,Rabat
Zineb,27,Fes
Aya,69,Nador
Idriss,20,Beni Mellal
Imane,61,Rabat
Zakaria,52,El Jadida
Salma,49,Fes
Hanae,45,El Jadida
Maryam,55,Casablanca
Sara,35,Casablanca
Abdel,78,Nador
Abdel,52,Meknes
Khadija,33,Kenitra
Rayane,74,Oujda
Khadija,22,Safi
Reda,24,Tetouan
Maryam,69,Marrakech
Sara,32,Rabat
Sabrina,54,Kenitra
Lina,75,Kenitra
Karim,41,Tangier
Douae,56,Marrakech
Fatima,46,Rabat
Ayoub,51,Meknes
Karim,71,Tetouan
Omar,56,Fes
Youssef,67,Tangier
Rayane,59,Tangier
Yahya,62,Sale
Amal,72,Beni Mellal
Amal,68,Fes
Cedric,20,Tangier
Amal,31,Tangier
Sofia,47,Tetouan
Mounir,49,Meknes
Abdel,67,Agadir
Salwa,70,Beni Mellal
Hamza,34,Marrakech
Youssef,76,Sale
Bob,80,Nador
Maryam,42,Tetouan
Mehdi,26,Safi
Yahya,36,Safi
Fatima,41,Fes
Jawad,43,Meknes
Abdel,73,Rabat
Mehdi,22,Nador
Imane,26,Casablanca
Elodie,47,Tangier
Hamza,74,Rabat
Hanae,59,Oujda
Amine,29,Marrakech
Youssef,36,Fes
Tarik,73,Tangier
Sofia,42,Agadir
Noura,39,Nador
Widad,32,Casablanca
Amine,70,Nador
Elodie,22,Oujda
Amine,28,Sale
Hamza,60,Agadir
Sofia,37,Sale
Fatima,33,Oujda
Hamza,64,Kenitra
Hanae,58,Oujda
Houda,59,Safi
Noura,41,Marrakech
Mohamed,42,Tetouan
Omar,29,El Jadida
Lina,53,Marrakech
Jawad,48,Marrakech
Yasmina,35,Rabat
Carol,15,Marrakech
Zakaria,44,Marrakech
Mohamed,54,Tangier
Aya,65,Rabat
Mohamed,51,Agadir
Yassine,78,Safi
Tarik,53,Meknes
Hanae,49,Marrakech
Loubna,65,Sale
Omar,39,Oujda
Houda,22,Fes
Carol,40,Sale
Bilal,72,Beni Mellal
Bob,79,El Jadida
Fatima,55,Agadir
Mohamed,62,Casablanca
Mohamed,40,Kenitra
Zineb,23,Sale
Douae,32,Tangier
Cedric,70,Sale
Rayane,50,Oujda
Salma,17,Tetouan
Widad,54,Rabat
Hanae,66,Marrakech
Jawad,49,Tetouan
Yassine,58,Nador
Yasmina,29,Casablanca
Mohamed,46,Beni Mellal
Zakaria,22,Beni Mellal
Reda,24,Marrakech
Mehdi,62,Casablanca
Salma,56,Agadir
Reda,73,Kenitra
Hanae,69,Marrakech
Loubna,71,Tetouan
Houda,46,Kenitra
Fatima,44,Tetouan
Amine,34,Tetouan
Mohamed,64,Casablanca
Hamza,49,Nador
Mohamed,29,Agadir
Bob,54,Casablanca
Carol,54,Nador
Rachid,71,Safi
Zineb,72,Fes
Douae,66,Tetouan
Rayane,33,Tetouan
Rayane,46,Sale
Mounir,55,Agadir
Maryam,54,Nador
Lina,40,Fes
Mohamed,24,Kenitra
Yasmina,70,Oujda
Tarik,40,Nador
Amal,79,Kenitra
Jawad,31,Agadir
Hamza,64,Beni Mellal
Houda,70,Oujda
Imane,32,Safi
Issam,49,Beni Mellal
Sofia,57,Beni Mellal
Alice,66,Tangier
Maryam,59,Sale
Hanae,30,Beni Mellal
Adam,69,Nador
Issam,60,Tangier
Omar,58,Fes
Elodie,27,El Jadida
Douae,76,Kenitra
Omar,39,Nador
Jawad,74,Meknes
Anas,76,Safi
Ayoub,60,Rabat
Omar,44,Kenitra
Bilal,42,Tangier
Bob,20,Casablanca
Lina,49,Kenitra
Hamza,58,Nador
Reda,56,Agadir
Rachid,21,El Jadida
Yahya,34,Meknes
Jawad,77,Fes
Sofia,20,Nador
Fatima,72,Casablanca
Zineb,80,Oujda
Hanae,35,Safi
Adam,73,El Jadida
Salwa,64,El Jadida
Karim,56,Oujda
Houda,58,Meknes
Imane,63,Tetouan
Zineb,27,Rabat
Salma,70,Tangier
Khadija,41,Casablanca
Fatima,30,Tetouan
Amine,74,Sale
Mohamed,68,Meknes
Bilal,67,Oujda
Alice,40,Kenitra
Yassine,50,Meknes
Sara,27,Agadir
Noura,70,Rabat
Rayane,79,Safi
Carol,51,Agadir
Imane,26,Tangier
Widad,42,Tangier
Mehdi,64,Sale
Noura,66,El Jadida
Elodie,55,Beni Mellal
Rayane,36,El Jadida
Reda,66,Meknes
Khadija,20,Oujda
Noura,50,Fes
Mounir,25,Nador
Ayoub,54,Meknes
Loubna,41,Tetouan
Zakaria,27,Beni Mellal
Bob,33,Safi
Noura,48,Agadir
Amine,54,Oujda
Mehdi,15,Tetouan
Elodie,44,Safi
Rachid,22,Marrakech
Anas,30,Nador
Omar,60,Kenitra
Hanae,61,Rabat
Amine,23,Oujda
Zineb,58,Marrakech
Widad,52,Tangier
Mounir,53,Kenitra
Abdel,16,Beni Mellal
Mehdi,35,Rabat
Anas,74,Rabat
Mounir,61,Meknes
Salwa,45,Beni Mellal
Omar,76,Kenitra
Nadia,67,El Jadida
Hamza,80,Tangier
Elodie,72,Fes
Salwa,25,Nador
Anas,57,Tangier
Mounir,44,Oujda
Yahya,76,Fes
Idriss,50,El Jadida
Bob,20,Agadir
Sabrina,67,Rabat
Khadija,62,Tetouan
Douae,35,Safi
Issam,54,Casablanca
Yassine,27,Agadir
Abdel,63,Safi
Anas,30,Casablanca
Meryem,16,Casablanca
Meryem,26,Beni Mellal
Hamza,66,Oujda
Alice,27,Nador
Carol,18,Marrakech
Rachid,38,Agadir
Salma,39,Meknes
Meryem,63,El Jadida
Khadija,45,Safi
Yahya,55,El Jadida
Youssef,66,El Jadida
Lina,27,Safi
Khadija,42,Kenitra
Mohamed,59,Kenitra
Salwa,66,Agadir
Fatima,42,Rabat
Adam,59,Fes
Karim,15,El Jadida
Zakaria,15,Meknes
Khadija,53,Sale
Salma,34,Rabat
Yassine,77,Agadir
Youssef,60,El Jadida
Karim,78,Beni Mellal
Douae,54,Sale
Hanae,29,Beni Mellal
Idriss,17,Casablanca
Reda,53,Nador
Idriss,64,Safi
Elodie,57,Rabat
Aya,15,El Jadida
Abdel,40,Fes
Lina,19,El Jadida
Elodie,18,Safi
Anas,17,Sale
Houda,41,Agadir
Khadija,76,Safi
Zineb,63,Kenitra
Yasmina,57,Sale
Hamza,17,Rabat
Mohamed,20,Casablanca
Bilal,69,Beni Mellal
Sara,20,Oujda
Karim,42,Rabat
Omar,44,Beni Mellal
Karim,36,Kenitra
Hamza,80,Fes
Adam,68,Sale
Lina,25,Meknes
Imane,24,Safi
Yasmina,24,Casablanca
Mohamed,37,Beni Mellal
Bilal,53,Oujda
Meryem,37,Meknes
Nadia,71,Tangier
Mohamed,29,Meknes
Amine,39,Meknes
Khadija,15,Casablanca
Widad,35,Meknes
Zineb,35,Tetouan
Bilal,68,Beni Mellal
Yassine,58,Meknes
Omar,45,Marrakech
Alice,55,Safi
Karim,46,Tetouan
Bob,24,Beni Mellal
Nadia,62,Beni Mellal
Cedric,63,Safi
Idriss,47,Rabat
Elodie,69,Casablanca
Bilal,39,Meknes
Tarik,18,Kenitra
Lina,63,Rabat
Hamza,50,Safi
Nadia,51,Safi
Amine,72,Kenitra
Maryam,67,Rabat
Karim,22,Kenitra
Zakaria,62,Marrakech
Mehdi,17,Rabat
Rachid,23,Tetouan
Carol,35,Oujda
Yassine,64,Agadir
Omar,58,Agadir
Issam,79,Rabat
Mehdi,65,Rabat
Elodie,71,Tetouan
Noura,53,Casablanca
Ayoub,40,Oujda
Bilal,70,Meknes
Yassine,27,Sale
Bob,20,Agadir
Omar,24,Oujda
Salwa,21,Marrakech
Omar,34,Rabat
Meryem,51,Marrakech
Maryam,50,Beni Mellal
Ayoub,27,Rabat
Tarik,50,Kenitra
Reda,26,Nador
Cedric,66,Nador
Sara,57,Agadir
Amal,63,Nador
Issam,19,Tetouan
Yahya,45,Safi
Aya,46,Meknes
Loubna,23,El Jadida
Fatima,33,Meknes
Lina,52,Casablanca
Salwa,46,Kenitra
Loubna,47,Beni Mellal
Zineb,52,Meknes
Nadia,16,Tetouan
Yasmina,17,El Jadida
Hamza,57,Tangier
Zineb,79,Sale
Maryam,18,Casablanca
Anas,63,Casablanca
Youssef,69,Tangier
Sofia,62,Marrakech
Houda,26,Oujda
Adam,73,Kenitra
Sofia,54,Nador
Houda,34,Agadir
Reda,28,Marrakech
Bob,73,Tetouan
Abdel,17,Kenitra
Imane,22,Agadir
Yassine,54,Safi
Sabrina,31,Safi
Abdel,52,Meknes
Noura,29,El Jadida
Tarik,73,Safi
Ayoub,61,Fes
Jawad,78,Safi
Reda,58,Kenitra
Sabrina,18,Beni Mellal
Loubna,68,Sale
Yassine,26,Casablanca
Widad,72,Meknes
Abdel,60,Fes
Rachid,56,Sale
Fatima,16,Beni Mellal
Hamza,46,Casablanca
Loubna,75,Fes
Hamza,44,Rabat
Yasmina,71,Beni Mellal
Nadia,80,Oujda
Abdel,77,Safi
Mohamed,22,Casablanca
Abdel,62,Casablanca
Yassine,20,Casablanca
Bob,60,Fes
Bob,46,Tetouan
Amine,62,Kenitra
Yahya,15,Nador
Zineb,31,Safi
Douae,25,Casablanca
Adam,54,Sale
Rachid,37,Sale
Sabrina,47,Nador
Yahya,42,Safi
Elodie,42,El Jadida
Zineb,27,Safi
Abdel,57,Fes
Karim,58,Oujda
Sofia,72,Beni Mellal
Ayoub,35,El Jadida
Karim,73,Kenitra
Alice,22,Tangier
Karim,73,Fes
Yasmina,19,Beni Mellal
Zakaria,56,Meknes
Widad,77,Kenitra
Carol,15,Casablanca
Elodie,22,Tangier
Sofia,18,Beni Mellal
Idriss,49,Tangier
Zakaria,19,Rabat
Carol,56,Kenitra
Mehdi,80,Meknes
Lina,17,Meknes
Rayane,24,Kenitra
Rayane,53,Casablanca
Cedric,67,Nador
Adam,70,Meknes
Abdel,36,Safi
Youssef,39,Casablanca
Salwa,71,Fes
Loubna,75,Casablanca
Abdel,59,Casablanca
Issam,57,Beni Mellal
Imane,59,Beni Mellal
Zakaria,54,Beni Mellal
Yahya,30,Agadir
Yahya,46,Sale
Tarik,40,Oujda
Ayoub,30,Meknes
Issam,22,Tetouan
Salma,70,Rabat
Cedric,48,Oujda
Amine,53,Nador
Alice,27,Rabat
Cedric,18,Rabat
Zineb,19,Sale
Abdel,23,Marrakech
Noura,54,Fes
Sofia,37,Tangier
Issam,75,Agadir
Amal,15,Tangier
Zineb,18,El Jadida
Abdel,66,Marrakech
Meryem,39,Tetouan
Tarik,75,Meknes
Amine,52,Meknes
Youssef,51,Rabat
Amine,78,Beni Mellal
Aya,57,Oujda
Hanae,36,Rabat
Bilal,67,Tetouan
Yassine,35,Rabat
Sofia,57,Casablanca
Zineb,50,Meknes
Mohamed,18,Safi
Yassine,17,Sale
Omar,19,Safi
Nadia,62,Fes
Anas,24,Casablanca
Salwa,69,Agadir
Amine,16,Agadir
Douae,19,Kenitra
Elodie,21,Tetouan
Sara,76,Nador
Karim,62,Casablanca
Loubna,75,Nador
Hamza,16,Kenitra
Amine,60,Oujda
Maryam,46,Marrakech
Imane,27,Rabat
Rachid,21,El Jadida
Reda,65,Tangier
Widad,64,Beni Mellal
Mehdi,47,Beni Mellal
Youssef,15,Rabat
Jawad,73,Beni Mellal
Lina,41,Oujda
Fatima,34,El Jadida
Abdel,80,Fes
Mehdi,47,Kenitra
Mounir,61,Nador
Idriss,77,El Jadida
Sara,62,Beni Mellal
Mounir,17,Rabat
Yahya,18,Kenitra
Mohamed,47,Sale
Fatima,51,Kenitra
Sara,76,Safi
Sabrina,16,El Jadida
Alice,67,Safi
Khadija,57,Oujda
Rayane,59,Safi
Carol,57,Casablanca
Karim,65,Rabat
Bob,71,Fes
Carol,27,Oujda
Anas,25,Tangier
Mohamed,19,Beni Mellal
Elodie,42,Safi
Fatima,46,Nador
Alice,20,Nador
Mehdi,36,Fes
Douae,50,Fes
Meryem,54,El Jadida
Reda,68,Safi
Idriss,18,Marrakech
Idriss,74,El Jadida
Amine,63,Tetouan
Anas,49,Kenitra
Zineb,42,Oujda
Alice,75,Rabat
Rachid,34,Sale
Salma,71,Tangier
Cedric,24,Tetouan
Jawad,49,Kenitra
Mohamed,17,Oujda
Fatima,51,Fes
Bilal,60,Kenitra
Sara,44,Fes
Imane,74,El Jadida
Widad,53,Marrakech
Omar,63,Sale
Bilal,46,Tangier
Omar,27,Rabat
Salwa,45,Safi
Khadija,62,Oujda
Youssef,56,Tangier
Karim,27,El Jadida
Ayoub,36,Oujda
Amine,18,El Jadida
Zineb,77,Beni Mellal
Zakaria,24,Kenitra
Tarik,64,Safi
Ayoub,78,Kenitra
Zakaria,16,Fes
Khadija,25,Oujda
Widad,75,Sale
Omar,29,Meknes
Zineb,49,Agadir
Salma,29,Agadir
Houda,21,Agadir
Yasmina,66,Oujda
Salma,68,Meknes
Nadia,56,Beni Mellal
Idriss,27,Tetouan
Douae,52,Rabat
Mounir,62,Rabat
Elodie,64,Rabat
Fatima,29,Sale
Mohamed,41,Tetouan
Rachid,34,Kenitra
Rayane,43,El Jadida
Rachid,19,Oujda
Fatima,75,Fes
Yahya,55,Meknes
Meryem,60,Casablanca
Sofia,42,Beni Mellal
Salma,64,Tangier
Salma,45,Fes
Imane,50,Kenitra
Mounir,54,Agadir
Amal,19,Fes
Idriss,17,Safi
Hanae,65,Tangier
Yahya,40,El Jadida
Abdel,19,Marrakech
Jawad,39,Tangier
Bilal,16,Beni Mellal
Mohamed,74,Kenitra
Carol,23,Beni Mellal
Mounir,71,Tangier
Yasmina,54,Meknes
Sabrina,29,Kenitra
Sabrina,35,Tetouan
Imane,71,Tetouan
Houda,35,Fes
Bilal,44,Fes
Hamza,43,Rabat
Bob,69,Kenitra
Idriss,18,Rabat
Hanae,40,Nador
Hanae,32,Nador
Cedric,31,Safi
Yassine,71,El Jadida
Amine,73,Casablanca
Loubna,41,Rabat
Zineb,28,Kenitra
Mehdi,38,Sale
Amine,34,Agadir
Adam,57,Safi
Issam,48,Rabat
Rayane,26,Nador
Zakaria,47,Kenitra
Meryem,46,Marrakech
Noura,29,Kenitra
Tarik,57,Kenitra
Omar,25,Agadir
Rayane,21,El Jadida
Noura,54,Casablanca
Salma,29,Beni Mellal
Yassine,55,Tetouan
Alice,61,Fes
Bilal,27,Sale
Fatima,24,Nador
Noura,52,Sale
Mounir,54,Rabat
Sara,17,Tetouan
Ayoub,31,Tangier
Adam,39,Agadir
Karim,68,Kenitra
Douae,47,Meknes
Reda,33,El Jadida
Yassine,53,Tangier
Hamza,71,Agadir
Abdel,79,Casablanca
Salwa,68,Tangier
Fatima,19,Casablanca
Loubna,25,Rabat
Zineb,53,Fes
Fatima,58,Fes
Sabrina,39,Fes
Khadija,29,Tetouan
Sofia,80,Meknes
Jawad,18,Casablanca
Mohamed,71,Rabat
Mehdi,19,Meknes
Yassine,68,Kenitra
Loubna,27,Safi
Tarik,16,Fes
Omar,33,Sale
Aya,37,Nador
Khadija,34,Tangier
Sara,58,Safi
Lina,74,El Jadida
Hamza,33,Casablanca
Alice,30,Meknes
Alice,23,Tangier
Sara,58,El Jadida
Hanae,19,Rabat
Sofia,55,Rabat
Karim,49,Sale
Noura,38,Sale
Youssef,46,Kenitra
Bilal,22,Agadir
Salwa,22,Nador
Meryem,57,Nador
Zakaria,50,Safi
Bob,21,Rabat
Mehdi,42,Sale
Sara,39,Oujda
Karim,44,Casablanca
Tarik,17,Fes
Omar,57,Nador
Karim,76,Safi
Zakaria,35,Casablanca
Sara,52,Kenitra
Yahya,17,Agadir
Imane,74,Marrakech
Maryam,33,Agadir
Amine,41,Beni Mellal
Alice,80,Marrakech
Adam,39,Sale
Lina,79,Casablanca
Salwa,57,Beni Mellal
Cedric,42,Tetouan
Bob,34,Safi
Fatima,22,El Jadida
Fatima,24,Fes
Hanae,16,Kenitra
Cedric,24,Safi
Cedric,50,Oujda
Elodie,34,Beni Mellal
Mohamed,40,Beni Mellal
Adam,61,Kenitra
Aya,42,Fes
Idriss,35,Tangier
Yassine,39,Beni Mellal
Sofia,43,Meknes
Sara,73,El Jadida
Meryem,52,Fes
Fatima,41,El Jadida
Imane,51,Marrakech
Meryem,79,Marrakech
Yasmina,40,Nador
Jawad,66,Agadir
Anas,58,Safi
Cedric,38,Sale
Carol,48,Safi
Hanae,37,Marrakech
Sabrina,74,Agadir
Sara,73,El Jadida
Noura,29,Meknes
Meryem,27,El Jadida
Anas,60,Fes
Lina,66,Beni Mellal
Youssef,67,Tetouan
Ayoub,69,Oujda
Omar,67,Oujda
Sofia,20,Nador
Carol,48,Oujda
Alice,67,Marrakech
Amal,53,Tangier
Sara,31,Kenitra
Omar,48,Agadir
Loubna,60,Tetouan
Lina,59,Sale
Hanae,62,Kenitra
Houda,19,Marrakech
Mehdi,79,Marrakech
Reda,78,Rabat
Maryam,61,Sale
Mohamed,32,Nador
Anas,58,Rabat
Aya,79,Kenitra
Sara,66,Meknes
Issam,31,Marrakech
